{
"type": "FeatureCollection",
"name": "subtramo san miguel",
"crs": { "type": "name", "properties": { "name": "urn:ogc:def:crs:EPSG::32719" } },
"features": [
{ "type": "Feature", "properties": { "osmid": 157066274, "y": -33.5128023, "x": -70.6643088, "street_cou": 3, "highway": null, "ref": null, "conectivid": 4, "conectiv_1": 0.42857142857142899, "jerarquia": 0.7, "jerarquia_": 0.57142857142857095, "dist_servi": 136.64198289489866, "accesibili": 0.00726522518034, "accesibi_1": 0.051761340597597003, "peatonal": 1, "peatonal_n": 0.01219512195122, "equipamien": 6, "equipami_1": 0.061855670103093001, "ICV": 0.17886496613309699 }, "geometry": { "type": "Point", "coordinates": [ 345424.259785816539079, 6290621.654476627707481 ] } },
{ "type": "Feature", "properties": { "osmid": 157066304, "y": -33.5160441, "x": -70.6512836, "street_cou": 3, "highway": null, "ref": null, "conectivid": 4, "conectiv_1": 0.42857142857142899, "jerarquia": 0.7, "jerarquia_": 0.57142857142857095, "dist_servi": 318.52043006567999, "accesibili": 0.00312969032933, "accesibi_1": 0.013100048450200999, "peatonal": 1, "peatonal_n": 0.01219512195122, "equipamien": 0, "equipami_1": 0.0, "ICV": 0.15566879017784499 }, "geometry": { "type": "Point", "coordinates": [ 346639.853430092916824, 6290281.513029275462031 ] } },
{ "type": "Feature", "properties": { "osmid": 157066319, "y": -33.5178929, "x": -70.6420032, "street_cou": 3, "highway": null, "ref": null, "conectivid": 4, "conectiv_1": 0.42857142857142899, "jerarquia": 0.7, "jerarquia_": 0.57142857142857095, "dist_servi": 86.710751904241377, "accesibili": 0.011401110790747, "accesibi_1": 0.090425911839958004, "peatonal": 1, "peatonal_n": 0.01219512195122, "equipamien": 7, "equipami_1": 0.072164948453608005, "ICV": 0.18917519996919899 }, "geometry": { "type": "Point", "coordinates": [ 347505.092908478807658, 6290090.187519088387489 ] } },
{ "type": "Feature", "properties": { "osmid": 269032882, "y": -33.511953, "x": -70.6671132, "street_cou": 3, "highway": null, "ref": null, "conectivid": 5, "conectiv_1": 0.57142857142857095, "jerarquia": 0.56666666666666698, "jerarquia_": 0.38095238095238099, "dist_servi": 238.36445024309148, "accesibili": 0.004177729813197, "accesibi_1": 0.022897707550539, "peatonal": 2, "peatonal_n": 0.024390243902439001, "equipamien": 5, "equipami_1": 0.051546391752576998, "ICV": 0.16642084328100501 }, "geometry": { "type": "Point", "coordinates": [ 345162.253724563401192, 6290711.648945948109031 ] } },
{ "type": "Feature", "properties": { "osmid": 269033087, "y": -33.5112788, "x": -70.6693549, "street_cou": 3, "highway": null, "ref": null, "conectivid": 5, "conectiv_1": 0.57142857142857095, "jerarquia": 0.7, "jerarquia_": 0.57142857142857095, "dist_servi": 440.8127930247158, "accesibili": 0.0022634020919900001, "accesibi_1": 0.0050015016275349999, "peatonal": 4, "peatonal_n": 0.048780487804878002, "equipamien": 1, "equipami_1": 0.010309278350515001, "ICV": 0.187201313292927 }, "geometry": { "type": "Point", "coordinates": [ 344952.823532961541787, 6290783.061182798817754 ] } },
{ "type": "Feature", "properties": { "osmid": 269034444, "y": -33.5132157, "x": -70.6629551, "street_cou": 3, "highway": null, "ref": null, "conectivid": 5, "conectiv_1": 0.57142857142857095, "jerarquia": 0.7, "jerarquia_": 0.57142857142857095, "dist_servi": 209.12253677192814, "accesibili": 0.0047591277706940001, "accesibi_1": 0.028332940742498001, "peatonal": 1, "peatonal_n": 0.01219512195122, "equipamien": 6, "equipami_1": 0.061855670103093001, "ICV": 0.195607857590649 }, "geometry": { "type": "Point", "coordinates": [ 345550.735864968039095, 6290577.829907726496458 ] } },
{ "type": "Feature", "properties": { "osmid": 269034720, "y": -33.5105873, "x": -70.6570138, "street_cou": 4, "highway": null, "ref": null, "conectivid": 4, "conectiv_1": 0.42857142857142899, "jerarquia": 0.65, "jerarquia_": 0.5, "dist_servi": 41.687672753325742, "accesibili": 0.023425966690162999, "accesibi_1": 0.202840988415629, "peatonal": 10, "peatonal_n": 0.12195121951219499, "equipamien": 64, "equipami_1": 0.65979381443299001, "ICV": 0.37529017045513602 }, "geometry": { "type": "Point", "coordinates": [ 346097.947924348583911, 6290878.116943329572678 ] } },
{ "type": "Feature", "properties": { "osmid": 269035039, "y": -33.5126077, "x": -70.6649495, "street_cou": 3, "highway": null, "ref": null, "conectivid": 6, "conectiv_1": 0.71428571428571397, "jerarquia": 0.63333333333333297, "jerarquia_": 0.476190476190476, "dist_servi": 130.71358391148746, "accesibili": 0.0075922313424559998, "accesibi_1": 0.054818377044638003, "peatonal": 0, "peatonal_n": 0.0, "equipamien": 6, "equipami_1": 0.061855670103093001, "ICV": 0.204999021506129 }, "geometry": { "type": "Point", "coordinates": [ 345364.400698195211589, 6290642.278302332386374 ] } },
{ "type": "Feature", "properties": { "osmid": 269035072, "y": -33.5106644, "x": -70.6641044, "street_cou": 4, "highway": null, "ref": null, "conectivid": 6, "conectiv_1": 0.71428571428571397, "jerarquia": 0.43333333333333302, "jerarquia_": 0.19047619047619099, "dist_servi": 54.311048311582503, "accesibili": 0.018079570547401998, "accesibi_1": 0.15285988786692301, "peatonal": 1, "peatonal_n": 0.01219512195122, "equipamien": 7, "equipami_1": 0.072164948453608005, "ICV": 0.18737628088887701 }, "geometry": { "type": "Point", "coordinates": [ 345439.44335602177307, 6290859.025715719908476 ] } },
{ "type": "Feature", "properties": { "osmid": 269035073, "y": -33.5112601, "x": -70.6621277, "street_cou": 4, "highway": null, "ref": null, "conectivid": 4, "conectiv_1": 0.42857142857142899, "jerarquia": 0.3, "jerarquia_": 0.0, "dist_servi": 143.73011402079587, "accesibili": 0.0069094120927470004, "accesibi_1": 0.048435000903967997, "peatonal": 0, "peatonal_n": 0.0, "equipamien": 7, "equipami_1": 0.072164948453608005, "ICV": 0.092013951579910006 }, "geometry": { "type": "Point", "coordinates": [ 345624.116051231918391, 6290795.913332974538207 ] } },
{ "type": "Feature", "properties": { "osmid": 269035074, "y": -33.512634, "x": -70.6575961, "street_cou": 3, "highway": null, "ref": null, "conectivid": 3, "conectiv_1": 0.28571428571428598, "jerarquia": 1.0, "jerarquia_": 1.0, "dist_servi": 20.621305617929721, "accesibili": 0.046250675961527002, "accesibi_1": 0.41621913298718299, "peatonal": 5, "peatonal_n": 0.060975609756097997, "equipamien": 51, "equipami_1": 0.52577319587628901, "ICV": 0.422788170862676 }, "geometry": { "type": "Point", "coordinates": [ 346047.484534132527187, 6290650.299496294930577 ] } },
{ "type": "Feature", "properties": { "osmid": 277843573, "y": -33.5149458, "x": -70.6471609, "street_cou": 3, "highway": null, "ref": null, "conectivid": 3, "conectiv_1": 0.28571428571428598, "jerarquia": 0.5, "jerarquia_": 0.28571428571428598, "dist_servi": 107.06102407775495, "accesibili": 0.0092540303826890002, "accesibi_1": 0.070353803657958999, "peatonal": 1, "peatonal_n": 0.01219512195122, "equipamien": 11, "equipami_1": 0.11340206185567001, "ICV": 0.13118434239759999 }, "geometry": { "type": "Point", "coordinates": [ 347020.849933338467963, 6290409.388519736006856 ] } },
{ "type": "Feature", "properties": { "osmid": 277843574, "y": -33.5167642, "x": -70.6476851, "street_cou": 3, "highway": null, "ref": null, "conectivid": 5, "conectiv_1": 0.57142857142857095, "jerarquia": 0.7, "jerarquia_": 0.57142857142857095, "dist_servi": 106.59677328292989, "accesibili": 0.0092939590053550004, "accesibi_1": 0.070727078748497998, "peatonal": 2, "peatonal_n": 0.024390243902439001, "equipamien": 6, "equipami_1": 0.061855670103093001, "ICV": 0.20713546567965399 }, "geometry": { "type": "Point", "coordinates": [ 346975.362562114954926, 6290206.97775661200285 ] } },
{ "type": "Feature", "properties": { "osmid": 277843576, "y": -33.5111449, "x": -70.6460701, "street_cou": 3, "highway": null, "ref": null, "conectivid": 4, "conectiv_1": 0.42857142857142899, "jerarquia": 0.5, "jerarquia_": 0.28571428571428598, "dist_servi": 219.87541068084926, "accesibili": 0.0045274392333559997, "accesibi_1": 0.026166986748163999, "peatonal": 8, "peatonal_n": 0.097560975609756004, "equipamien": 9, "equipami_1": 0.092783505154638998, "ICV": 0.15996237468358901 }, "geometry": { "type": "Point", "coordinates": [ 347115.481004224275239, 6290832.468101529404521 ] } },
{ "type": "Feature", "properties": { "osmid": 277844046, "y": -33.5114194, "x": -70.644737, "street_cou": 3, "highway": null, "ref": null, "conectivid": 6, "conectiv_1": 0.71428571428571397, "jerarquia": 0.43333333333333302, "jerarquia_": 0.19047619047619099, "dist_servi": 210.27481383533171, "accesibili": 0.0047331718430920003, "accesibi_1": 0.028090290218172002, "peatonal": 8, "peatonal_n": 0.097560975609756004, "equipamien": 7, "equipami_1": 0.072164948453608005, "ICV": 0.18376382477376099 }, "geometry": { "type": "Point", "coordinates": [ 347239.793262386345305, 6290803.993433022871614 ] } },
{ "type": "Feature", "properties": { "osmid": 277844146, "y": -33.5151603, "x": -70.6461078, "street_cou": 4, "highway": null, "ref": null, "conectivid": 4, "conectiv_1": 0.42857142857142899, "jerarquia": 0.4, "jerarquia_": 0.14285714285714299, "dist_servi": 92.077545496719154, "accesibili": 0.010743729807908, "accesibi_1": 0.084280346841639001, "peatonal": 1, "peatonal_n": 0.01219512195122, "equipamien": 13, "equipami_1": 0.134020618556701, "ICV": 0.13912429020959399 }, "geometry": { "type": "Point", "coordinates": [ 347119.044019799912348, 6290387.155828115530312 ] } },
{ "type": "Feature", "properties": { "osmid": 277844149, "y": -33.5112978, "x": -70.645316, "street_cou": 4, "highway": null, "ref": null, "conectivid": 7, "conectiv_1": 0.85714285714285698, "jerarquia": 0.36666666666666697, "jerarquia_": 0.095238095238094997, "dist_servi": 205.22968440115881, "accesibili": 0.0048489624706729998, "accesibi_1": 0.029172765748449001, "peatonal": 8, "peatonal_n": 0.097560975609756004, "equipamien": 8, "equipami_1": 0.082474226804124001, "ICV": 0.193700496610303 }, "geometry": { "type": "Point", "coordinates": [ 347185.797134511522017, 6290816.624551495537162 ] } },
{ "type": "Feature", "properties": { "osmid": 277844246, "y": -33.5131544, "x": -70.6471937, "street_cou": 3, "highway": null, "ref": null, "conectivid": 3, "conectiv_1": 0.28571428571428598, "jerarquia": 0.3, "jerarquia_": 0.0, "dist_servi": 95.588967845398301, "accesibili": 0.010353149249929, "accesibi_1": 0.080628981394815002, "peatonal": 0, "peatonal_n": 0.0, "equipamien": 10, "equipami_1": 0.10309278350515499, "ICV": 0.084756135012394998 }, "geometry": { "type": "Point", "coordinates": [ 347014.649278410943225, 6290607.983655555173755 ] } },
{ "type": "Feature", "properties": { "osmid": 277844247, "y": -33.5132627, "x": -70.6466737, "street_cou": 4, "highway": null, "ref": null, "conectivid": 4, "conectiv_1": 0.42857142857142899, "jerarquia": 0.4, "jerarquia_": 0.14285714285714299, "dist_servi": 48.91018142485391, "accesibili": 0.020035992085215001, "accesibi_1": 0.171149610324072, "peatonal": 0, "peatonal_n": 0.0, "equipamien": 9, "equipami_1": 0.092783505154638998, "ICV": 0.14314008406775999 }, "geometry": { "type": "Point", "coordinates": [ 347063.140831377007999, 6290596.741342189721763 ] } },
{ "type": "Feature", "properties": { "osmid": 277844248, "y": -33.5134748, "x": -70.6456137, "street_cou": 4, "highway": null, "ref": null, "conectivid": 5, "conectiv_1": 0.57142857142857095, "jerarquia": 0.3, "jerarquia_": 0.0, "dist_servi": 15.854424011528531, "accesibili": 0.059331603341412999, "accesibi_1": 0.53850695625849199, "peatonal": 0, "peatonal_n": 0.0, "equipamien": 8, "equipami_1": 0.082474226804124001, "ICV": 0.21403423366701499 }, "geometry": { "type": "Point", "coordinates": [ 347161.973368326667696, 6290574.784456124529243 ] } },
{ "type": "Feature", "properties": { "osmid": 277844251, "y": -33.511042, "x": -70.6465515, "street_cou": 4, "highway": null, "ref": null, "conectivid": 4, "conectiv_1": 0.42857142857142899, "jerarquia": 0.4, "jerarquia_": 0.14285714285714299, "dist_servi": 240.87838466006227, "accesibili": 0.004134309071914, "accesibi_1": 0.022491786182575, "peatonal": 8, "peatonal_n": 0.097560975609756004, "equipamien": 10, "equipami_1": 0.10309278350515499, "ICV": 0.14037608272952801 }, "geometry": { "type": "Point", "coordinates": [ 347070.583365625236183, 6290843.168828194029629 ] } },
{ "type": "Feature", "properties": { "osmid": 277844256, "y": -33.5110564, "x": -70.657006, "street_cou": 3, "highway": null, "ref": null, "conectivid": 3, "conectiv_1": 0.28571428571428598, "jerarquia": 1.0, "jerarquia_": 1.0, "dist_servi": 18.250276060398146, "accesibili": 0.051947306982116997, "accesibi_1": 0.46947442500561998, "peatonal": 8, "peatonal_n": 0.097560975609756004, "equipamien": 63, "equipami_1": 0.64948453608247403, "ICV": 0.473513405781324 }, "geometry": { "type": "Point", "coordinates": [ 346099.503239349694923, 6290826.111206147819757 ] } },
{ "type": "Feature", "properties": { "osmid": 277844258, "y": -33.511639, "x": -70.6541547, "street_cou": 3, "highway": null, "ref": null, "conectivid": 4, "conectiv_1": 0.42857142857142899, "jerarquia": 0.3, "jerarquia_": 0.0, "dist_servi": 151.80577456983295, "accesibili": 0.0065442552993510003, "accesibi_1": 0.045021311024006999, "peatonal": 6, "peatonal_n": 0.073170731707316999, "equipamien": 38, "equipami_1": 0.39175257731958801, "ICV": 0.18952080374724201 }, "geometry": { "type": "Point", "coordinates": [ 346365.387164423242211, 6290765.734617073088884 ] } },
{ "type": "Feature", "properties": { "osmid": 277844273, "y": -33.5150206, "x": -70.6378501, "street_cou": 3, "highway": null, "ref": null, "conectivid": 3, "conectiv_1": 0.28571428571428598, "jerarquia": 0.3, "jerarquia_": 0.0, "dist_servi": 56.216161546808031, "accesibili": 0.017477579288185999, "accesibi_1": 0.147232136975879, "peatonal": 4, "peatonal_n": 0.048780487804878002, "equipamien": 13, "equipami_1": 0.134020618556701, "ICV": 0.11800384684271301 }, "geometry": { "type": "Point", "coordinates": [ 347885.809163385303691, 6290414.787045169621706 ] } },
{ "type": "Feature", "properties": { "osmid": 277844274, "y": -33.5167255, "x": -70.6383458, "street_cou": 4, "highway": null, "ref": null, "conectivid": 4, "conectiv_1": 0.42857142857142899, "jerarquia": 0.4, "jerarquia_": 0.14285714285714299, "dist_servi": 28.957243629105758, "accesibili": 0.033380908216415997, "accesibi_1": 0.295905348050441, "peatonal": 12, "peatonal_n": 0.146341463414634, "equipamien": 11, "equipami_1": 0.11340206185567001, "ICV": 0.20983123664195 }, "geometry": { "type": "Point", "coordinates": [ 347842.752187328238506, 6290225.008522801101208 ] } },
{ "type": "Feature", "properties": { "osmid": 277844275, "y": -33.5185218, "x": -70.6388702, "street_cou": 3, "highway": null, "ref": null, "conectivid": 5, "conectiv_1": 0.57142857142857095, "jerarquia": 0.56666666666666698, "jerarquia_": 0.38095238095238099, "dist_servi": 45.495673792276961, "accesibili": 0.021507377320039999, "accesibi_1": 0.18490494221567899, "peatonal": 8, "peatonal_n": 0.097560975609756004, "equipamien": 8, "equipami_1": 0.082474226804124001, "ICV": 0.22484693190374899 }, "geometry": { "type": "Point", "coordinates": [ 347797.191605110419914, 6290025.052490439265966 ] } },
{ "type": "Feature", "properties": { "osmid": 277844278, "y": -33.5176045, "x": -70.638603, "street_cou": 4, "highway": null, "ref": null, "conectivid": 4, "conectiv_1": 0.42857142857142899, "jerarquia": 0.3, "jerarquia_": 0.0, "dist_servi": 62.281006498715826, "accesibili": 0.015802529942697999, "accesibi_1": 0.13157283910019699, "peatonal": 14, "peatonal_n": 0.17073170731707299, "equipamien": 10, "equipami_1": 0.10309278350515499, "ICV": 0.159056404811311 }, "geometry": { "type": "Point", "coordinates": [ 347820.402489819331095, 6290127.161374572664499 ] } },
{ "type": "Feature", "properties": { "osmid": 277844290, "y": -33.5158459, "x": -70.6474198, "street_cou": 3, "highway": null, "ref": null, "conectivid": 3, "conectiv_1": 0.28571428571428598, "jerarquia": 0.5, "jerarquia_": 0.28571428571428598, "dist_servi": 45.634387116097876, "accesibili": 0.02144340393089, "accesibi_1": 0.18430688320356101, "peatonal": 2, "peatonal_n": 0.024390243902439001, "equipamien": 9, "equipami_1": 0.092783505154638998, "ICV": 0.15186909961926701 }, "geometry": { "type": "Point", "coordinates": [ 346998.387176484509837, 6290309.196975944563746 ] } },
{ "type": "Feature", "properties": { "osmid": 277844296, "y": -33.5158548, "x": -70.6380932, "street_cou": 4, "highway": null, "ref": null, "conectivid": 4, "conectiv_1": 0.42857142857142899, "jerarquia": 0.3, "jerarquia_": 0.0, "dist_servi": 58.040428855296561, "accesibili": 0.016937546345588, "accesibi_1": 0.142183607072211, "peatonal": 12, "peatonal_n": 0.146341463414634, "equipamien": 11, "equipami_1": 0.11340206185567001, "ICV": 0.157658317017733 }, "geometry": { "type": "Point", "coordinates": [ 347864.689673056942411, 6290321.928479133173823 ] } },
{ "type": "Feature", "properties": { "osmid": 277844315, "y": -33.5141081, "x": -70.6469179, "street_cou": 3, "highway": null, "ref": null, "conectivid": 3, "conectiv_1": 0.28571428571428598, "jerarquia": 0.5, "jerarquia_": 0.28571428571428598, "dist_servi": 84.262761517636207, "accesibili": 0.011728449585733, "accesibi_1": 0.093486057925062996, "peatonal": 0, "peatonal_n": 0.0, "equipamien": 8, "equipami_1": 0.082474226804124001, "ICV": 0.12503005400032899 }, "geometry": { "type": "Point", "coordinates": [ 347041.946193229581695, 6290502.637167025357485 ] } },
{ "type": "Feature", "properties": { "osmid": 277844316, "y": -33.5143174, "x": -70.6458607, "street_cou": 4, "highway": null, "ref": null, "conectivid": 4, "conectiv_1": 0.42857142857142899, "jerarquia": 0.3, "jerarquia_": 0.0, "dist_servi": 81.895230271474972, "accesibili": 0.012063420256209, "accesibi_1": 0.096617551049561004, "peatonal": 0, "peatonal_n": 0.0, "equipamien": 13, "equipami_1": 0.134020618556701, "ICV": 0.11711437913480199 }, "geometry": { "type": "Point", "coordinates": [ 347140.512835695641115, 6290480.986886635422707 ] } },
{ "type": "Feature", "properties": { "osmid": 277844322, "y": -33.5124392, "x": -70.6454888, "street_cou": 4, "highway": null, "ref": null, "conectivid": 8, "conectiv_1": 1.0, "jerarquia": 0.3, "jerarquia_": 0.0, "dist_servi": 78.613315447692187, "accesibili": 0.012560712920655, "accesibi_1": 0.101266520935091, "peatonal": 8, "peatonal_n": 0.097560975609756004, "equipamien": 7, "equipami_1": 0.072164948453608005, "ICV": 0.21268478520285899 }, "geometry": { "type": "Point", "coordinates": [ 347171.753440182306804, 6290689.803307841531932 ] } },
{ "type": "Feature", "properties": { "osmid": 277844328, "y": -33.5104623, "x": -70.6552834, "street_cou": 1, "highway": null, "ref": null, "conectivid": 2, "conectiv_1": 0.14285714285714299, "jerarquia": 0.3, "jerarquia_": 0.0, "dist_servi": 90.096381297607962, "accesibili": 0.010977384455405, "accesibi_1": 0.086464681133072999, "peatonal": 15, "peatonal_n": 0.18292682926829301, "equipamien": 58, "equipami_1": 0.597938144329897, "ICV": 0.233937751054733 }, "geometry": { "type": "Point", "coordinates": [ 346258.462486510863528, 6290894.543665586039424 ] } },
{ "type": "Feature", "properties": { "osmid": 277844331, "y": -33.5121847, "x": -70.6469344, "street_cou": 4, "highway": null, "ref": null, "conectivid": 6, "conectiv_1": 0.71428571428571397, "jerarquia": 0.3, "jerarquia_": 0.0, "dist_servi": 149.77416113545473, "accesibili": 0.0066324361712190001, "accesibi_1": 0.045845675120052998, "peatonal": 7, "peatonal_n": 0.085365853658536994, "equipamien": 9, "equipami_1": 0.092783505154638998, "ICV": 0.16084933187016201 }, "geometry": { "type": "Point", "coordinates": [ 347037.027748841035645, 6290715.893430791795254 ] } },
{ "type": "Feature", "properties": { "osmid": 277844332, "y": -33.5122719, "x": -70.6463944, "street_cou": 4, "highway": null, "ref": null, "conectivid": 6, "conectiv_1": 0.71428571428571397, "jerarquia": 0.36666666666666697, "jerarquia_": 0.095238095238094997, "dist_servi": 110.07305789238777, "accesibili": 0.009003083366705, "accesibi_1": 0.068007810636983995, "peatonal": 8, "peatonal_n": 0.097560975609756004, "equipamien": 7, "equipami_1": 0.072164948453608005, "ICV": 0.17746161457180901 }, "geometry": { "type": "Point", "coordinates": [ 347087.340420351247303, 6290707.020190582610667 ] } },
{ "type": "Feature", "properties": { "osmid": 277844397, "y": -33.5121012, "x": -70.6442221, "street_cou": 3, "highway": null, "ref": null, "conectivid": 4, "conectiv_1": 0.42857142857142899, "jerarquia": 0.4, "jerarquia_": 0.14285714285714299, "dist_servi": 181.53877661389191, "accesibili": 0.0054782880577489996, "accesibi_1": 0.035056053220158999, "peatonal": 6, "peatonal_n": 0.073170731707316999, "equipamien": 6, "equipami_1": 0.061855670103093001, "ICV": 0.12648209681091999 }, "geometry": { "type": "Point", "coordinates": [ 347288.819588902057149, 6290729.148647775873542 ] } },
{ "type": "Feature", "properties": { "osmid": 277844398, "y": -33.5126709, "x": -70.6443237, "street_cou": 4, "highway": null, "ref": null, "conectivid": 6, "conectiv_1": 0.71428571428571397, "jerarquia": 0.36666666666666697, "jerarquia_": 0.095238095238094997, "dist_servi": 142.10976803893561, "accesibili": 0.0069876432175330003, "accesibi_1": 0.049166349200940998, "peatonal": 5, "peatonal_n": 0.060975609756097997, "equipamien": 8, "equipami_1": 0.082474226804124001, "ICV": 0.16712430040881501 }, "geometry": { "type": "Point", "coordinates": [ 347280.383472757646814, 6290665.826631831005216 ] } },
{ "type": "Feature", "properties": { "osmid": 277844399, "y": -33.5136946, "x": -70.6445062, "street_cou": 4, "highway": null, "ref": null, "conectivid": 4, "conectiv_1": 0.42857142857142899, "jerarquia": 0.4, "jerarquia_": 0.14285714285714299, "dist_servi": 113.0474773717866, "accesibili": 0.0087682781157890008, "accesibi_1": 0.065812719861439994, "peatonal": 0, "peatonal_n": 0.0, "equipamien": 10, "equipami_1": 0.10309278350515499, "ICV": 0.124650025562862 }, "geometry": { "type": "Point", "coordinates": [ 347265.231016337056644, 6290552.042681041173637 ] } },
{ "type": "Feature", "properties": { "osmid": 277844400, "y": -33.5145397, "x": -70.6447375, "street_cou": 4, "highway": null, "ref": null, "conectivid": 4, "conectiv_1": 0.42857142857142899, "jerarquia": 0.4, "jerarquia_": 0.14285714285714299, "dist_servi": 54.096462101895469, "accesibili": 0.018149985713250001, "accesibi_1": 0.15351816820949701, "peatonal": 0, "peatonal_n": 0.0, "equipamien": 13, "equipami_1": 0.134020618556701, "ICV": 0.14992307399536001 }, "geometry": { "type": "Point", "coordinates": [ 347245.232245156657882, 6290457.991275218315423 ] } },
{ "type": "Feature", "properties": { "osmid": 277844401, "y": -33.5153916, "x": -70.6449727, "street_cou": 4, "highway": null, "ref": null, "conectivid": 4, "conectiv_1": 0.42857142857142899, "jerarquia": 0.5, "jerarquia_": 0.28571428571428598, "dist_servi": 30.036756494916578, "accesibili": 0.032219861639337002, "accesibi_1": 0.28505123545549099, "peatonal": 1, "peatonal_n": 0.01219512195122, "equipamien": 16, "equipami_1": 0.164948453608247, "ICV": 0.20843899812382199 }, "geometry": { "type": "Point", "coordinates": [ 347224.883633671735879, 6290363.180023526772857 ] } },
{ "type": "Feature", "properties": { "osmid": 277844402, "y": -33.5162833, "x": -70.6452267, "street_cou": 4, "highway": null, "ref": null, "conectivid": 4, "conectiv_1": 0.42857142857142899, "jerarquia": 0.4, "jerarquia_": 0.14285714285714299, "dist_servi": 62.271845074995461, "accesibili": 0.015804818064254, "accesibi_1": 0.13159422973990001, "peatonal": 1, "peatonal_n": 0.01219512195122, "equipamien": 12, "equipami_1": 0.123711340206186, "ICV": 0.146009747201617 }, "geometry": { "type": "Point", "coordinates": [ 347202.859276304487139, 6290263.927692914381623 ] } },
{ "type": "Feature", "properties": { "osmid": 277844403, "y": -33.5171924, "x": -70.6454922, "street_cou": 3, "highway": null, "ref": null, "conectivid": 3, "conectiv_1": 0.28571428571428598, "jerarquia": 0.6, "jerarquia_": 0.42857142857142899, "dist_servi": 54.728925703008571, "accesibili": 0.017944002820532001, "accesibi_1": 0.151592524954241, "peatonal": 1, "peatonal_n": 0.01219512195122, "equipamien": 12, "equipami_1": 0.123711340206186, "ICV": 0.17143797767305699 }, "geometry": { "type": "Point", "coordinates": [ 347179.797901721729431, 6290162.728898525238037 ] } },
{ "type": "Feature", "properties": { "osmid": 277844404, "y": -33.5124177, "x": -70.6427832, "street_cou": 1, "highway": null, "ref": null, "conectivid": 2, "conectiv_1": 0.14285714285714299, "jerarquia": 0.3, "jerarquia_": 0.0, "dist_servi": 135.31356712004279, "accesibili": 0.0073360269350109999, "accesibi_1": 0.052423234988641002, "peatonal": 2, "peatonal_n": 0.024390243902439001, "equipamien": 5, "equipami_1": 0.051546391752576998, "ICV": 0.050897377340053999 }, "geometry": { "type": "Point", "coordinates": [ 347423.031117396603804, 6290696.170164471492171 ] } },
{ "type": "Feature", "properties": { "osmid": 277844439, "y": -33.511548, "x": -70.6441235, "street_cou": 4, "highway": null, "ref": null, "conectivid": 6, "conectiv_1": 0.71428571428571397, "jerarquia": 0.5, "jerarquia_": 0.28571428571428598, "dist_servi": 230.55763584250582, "accesibili": 0.0043185792442629999, "accesibi_1": 0.024214446787282001, "peatonal": 6, "peatonal_n": 0.073170731707316999, "equipamien": 6, "equipami_1": 0.061855670103093001, "ICV": 0.188599489810059 }, "geometry": { "type": "Point", "coordinates": [ 347297.006174236303195, 6290790.63659187220037 ] } },
{ "type": "Feature", "properties": { "osmid": 277844488, "y": -33.5116715, "x": -70.6435331, "street_cou": 3, "highway": null, "ref": null, "conectivid": 5, "conectiv_1": 0.57142857142857095, "jerarquia": 0.43333333333333302, "jerarquia_": 0.19047619047619099, "dist_servi": 187.94685267529604, "accesibili": 0.0052924935548859997, "accesibi_1": 0.033319142321485001, "peatonal": 5, "peatonal_n": 0.060975609756097997, "equipamien": 6, "equipami_1": 0.061855670103093001, "ICV": 0.15165736271480901 }, "geometry": { "type": "Point", "coordinates": [ 347352.064240981242619, 6290777.810949958860874 ] } },
{ "type": "Feature", "properties": { "osmid": 277844500, "y": -33.5118827, "x": -70.6424875, "street_cou": 3, "highway": null, "ref": null, "conectivid": 5, "conectiv_1": 0.57142857142857095, "jerarquia": 0.5, "jerarquia_": 0.28571428571428598, "dist_servi": 90.460200301173785, "accesibili": 0.010933717581057999, "accesibi_1": 0.086056458775597006, "peatonal": 2, "peatonal_n": 0.024390243902439001, "equipamien": 3, "equipami_1": 0.030927835051546001, "ICV": 0.15961224006504399 }, "geometry": { "type": "Point", "coordinates": [ 347449.55863022612175, 6290755.929686367511749 ] } },
{ "type": "Feature", "properties": { "osmid": 277844543, "y": -33.5109066, "x": -70.6471742, "street_cou": 4, "highway": null, "ref": null, "conectivid": 4, "conectiv_1": 0.42857142857142899, "jerarquia": 0.4, "jerarquia_": 0.14285714285714299, "dist_servi": 190.8437538988201, "accesibili": 0.0052125752320679999, "accesibi_1": 0.032572021153922, "peatonal": 8, "peatonal_n": 0.097560975609756004, "equipamien": 10, "equipami_1": 0.10309278350515499, "ICV": 0.142392129723798 }, "geometry": { "type": "Point", "coordinates": [ 347012.503214932163246, 6290857.264812784269452 ] } },
{ "type": "Feature", "properties": { "osmid": 277844545, "y": -33.5120665, "x": -70.6475015, "street_cou": 4, "highway": null, "ref": null, "conectivid": 6, "conectiv_1": 0.71428571428571397, "jerarquia": 0.3, "jerarquia_": 0.0, "dist_servi": 198.89936757235512, "accesibili": 0.0050025170771889997, "accesibi_1": 0.030608280069320998, "peatonal": 5, "peatonal_n": 0.060975609756097997, "equipamien": 12, "equipami_1": 0.123711340206186, "ICV": 0.159436250647292 }, "geometry": { "type": "Point", "coordinates": [ 346984.143130944459699, 6290728.163943355903029 ] } },
{ "type": "Feature", "properties": { "osmid": 277844546, "y": -33.5130339, "x": -70.6477725, "street_cou": 3, "highway": null, "ref": null, "conectivid": 3, "conectiv_1": 0.28571428571428598, "jerarquia": 0.3, "jerarquia_": 0.0, "dist_servi": 149.90760088336287, "accesibili": 0.0066265714526389996, "accesibi_1": 0.045790848451547003, "peatonal": 0, "peatonal_n": 0.0, "equipamien": 9, "equipami_1": 0.092783505154638998, "ICV": 0.075211188836111997 }, "geometry": { "type": "Point", "coordinates": [ 346960.674384376499802, 6290620.491806428879499 ] } },
{ "type": "Feature", "properties": { "osmid": 277844551, "y": -33.5121483, "x": -70.6411826, "street_cou": 3, "highway": null, "ref": null, "conectivid": 5, "conectiv_1": 0.57142857142857095, "jerarquia": 0.43333333333333302, "jerarquia_": 0.19047619047619099, "dist_servi": 48.349577943038746, "accesibili": 0.020263597819504001, "accesibi_1": 0.17327739599262501, "peatonal": 2, "peatonal_n": 0.024390243902439001, "equipamien": 4, "equipami_1": 0.041237113402062001, "ICV": 0.165348032810364 }, "geometry": { "type": "Point", "coordinates": [ 347571.233670281944796, 6290728.396236540749669 ] } },
{ "type": "Feature", "properties": { "osmid": 277844552, "y": -33.5116216, "x": -70.6410914, "street_cou": 3, "highway": null, "ref": null, "conectivid": 4, "conectiv_1": 0.42857142857142899, "jerarquia": 0.3, "jerarquia_": 0.0, "dist_servi": 44.961571639263752, "accesibili": 0.021757306470036999, "accesibi_1": 0.187241419656269, "peatonal": 2, "peatonal_n": 0.024390243902439001, "equipamien": 4, "equipami_1": 0.041237113402062001, "ICV": 0.118140837543093 }, "geometry": { "type": "Point", "coordinates": [ 347578.781153074000031, 6290786.934494210407138 ] } },
{ "type": "Feature", "properties": { "osmid": 277844553, "y": -33.5115858, "x": -70.6415495, "street_cou": 3, "highway": null, "ref": null, "conectivid": 4, "conectiv_1": 0.42857142857142899, "jerarquia": 0.3, "jerarquia_": 0.0, "dist_servi": 25.524219395911189, "accesibili": 0.0377013922662, "accesibi_1": 0.33629564872123702, "peatonal": 2, "peatonal_n": 0.024390243902439001, "equipamien": 3, "equipami_1": 0.030927835051546001, "ICV": 0.145374363768458 }, "geometry": { "type": "Point", "coordinates": [ 347536.166368827631231, 6290790.231070946902037 ] } },
{ "type": "Feature", "properties": { "osmid": 277844620, "y": -33.5111042, "x": -70.6415771, "street_cou": 4, "highway": null, "ref": null, "conectivid": 8, "conectiv_1": 1.0, "jerarquia": 0.3, "jerarquia_": 0.0, "dist_servi": 78.95341068807528, "accesibili": 0.012507283821841001, "accesibi_1": 0.100767035844814, "peatonal": 2, "peatonal_n": 0.024390243902439001, "equipamien": 4, "equipami_1": 0.041237113402062001, "ICV": 0.18656024649508801 }, "geometry": { "type": "Point", "coordinates": [ 347532.757681463903282, 6290843.593749908730388 ] } },
{ "type": "Feature", "properties": { "osmid": 277844641, "y": -33.5112146, "x": -70.6396162, "street_cou": 3, "highway": null, "ref": null, "conectivid": 6, "conectiv_1": 0.71428571428571397, "jerarquia": 0.3, "jerarquia_": 0.0, "dist_servi": 71.374664984411226, "accesibili": 0.013816989691288001, "accesibi_1": 0.113010898626783, "peatonal": 5, "peatonal_n": 0.060975609756097997, "equipamien": 7, "equipami_1": 0.072164948453608005, "ICV": 0.16303017642063999 }, "geometry": { "type": "Point", "coordinates": [ 347715.096201875829138, 6290834.232084657996893 ] } },
{ "type": "Feature", "properties": { "osmid": 277844642, "y": -33.5112448, "x": -70.6400829, "street_cou": 4, "highway": null, "ref": null, "conectivid": 8, "conectiv_1": 1.0, "jerarquia": 0.3, "jerarquia_": 0.0, "dist_servi": 28.580478500691051, "accesibili": 0.033806079234879001, "accesibi_1": 0.29988008446292302, "peatonal": 2, "peatonal_n": 0.024390243902439001, "equipamien": 7, "equipami_1": 0.072164948453608005, "ICV": 0.234114814981596 }, "geometry": { "type": "Point", "coordinates": [ 347671.798140045837499, 6290830.198093000799417 ] } },
{ "type": "Feature", "properties": { "osmid": 277844645, "y": -33.5110899, "x": -70.6410411, "street_cou": 4, "highway": null, "ref": null, "conectivid": 8, "conectiv_1": 1.0, "jerarquia": 0.3, "jerarquia_": 0.0, "dist_servi": 67.979016826729676, "accesibili": 0.014497162267648999, "accesibi_1": 0.11936953218513401, "peatonal": 2, "peatonal_n": 0.024390243902439001, "equipamien": 4, "equipami_1": 0.041237113402062001, "ICV": 0.19028074576315199 }, "geometry": { "type": "Point", "coordinates": [ 347582.520841443736572, 6290845.96708182990551 ] } },
{ "type": "Feature", "properties": { "osmid": 277844662, "y": -33.511125, "x": -70.642078, "street_cou": 3, "highway": null, "ref": null, "conectivid": 6, "conectiv_1": 0.71428571428571397, "jerarquia": 0.3, "jerarquia_": 0.0, "dist_servi": 92.515118195955566, "accesibili": 0.010693458119836, "accesibi_1": 0.083810378992425993, "peatonal": 2, "peatonal_n": 0.024390243902439001, "equipamien": 3, "equipami_1": 0.030927835051546001, "ICV": 0.137734452679839 }, "geometry": { "type": "Point", "coordinates": [ 347486.26632712839637, 6290840.550997605547309 ] } },
{ "type": "Feature", "properties": { "osmid": 277844762, "y": -33.511175, "x": -70.6405611, "street_cou": 4, "highway": null, "ref": null, "conectivid": 8, "conectiv_1": 1.0, "jerarquia": 0.3, "jerarquia_": 0.0, "dist_servi": 25.105735516822872, "accesibili": 0.038305758493399997, "accesibi_1": 0.34194560214094999, "peatonal": 2, "peatonal_n": 0.024390243902439001, "equipamien": 4, "equipami_1": 0.041237113402062001, "ICV": 0.234795959754315 }, "geometry": { "type": "Point", "coordinates": [ 347627.256545710377395, 6290837.235725058242679 ] } },
{ "type": "Feature", "properties": { "osmid": 277844773, "y": -33.512258, "x": -70.6406689, "street_cou": 3, "highway": null, "ref": null, "conectivid": 6, "conectiv_1": 0.71428571428571397, "jerarquia": 0.43333333333333302, "jerarquia_": 0.19047619047619099, "dist_servi": 66.81478334449848, "accesibili": 0.014746047258162, "accesibi_1": 0.121696248239038, "peatonal": 2, "peatonal_n": 0.024390243902439001, "equipamien": 7, "equipami_1": 0.072164948453608005, "ICV": 0.184192333451105 }, "geometry": { "type": "Point", "coordinates": [ 347619.142289494513534, 6290716.986630392260849 ] } },
{ "type": "Feature", "properties": { "osmid": 277844822, "y": -33.5123533, "x": -70.6401965, "street_cou": 3, "highway": null, "ref": null, "conectivid": 6, "conectiv_1": 0.71428571428571397, "jerarquia": 0.43333333333333302, "jerarquia_": 0.19047619047619099, "dist_servi": 69.230159912613672, "accesibili": 0.014238896810775999, "accesibi_1": 0.11695512228666199, "peatonal": 2, "peatonal_n": 0.024390243902439001, "equipamien": 9, "equipami_1": 0.092783505154638998, "ICV": 0.188398747435888 }, "geometry": { "type": "Point", "coordinates": [ 347663.189300543395802, 6290707.112915461882949 ] } },
{ "type": "Feature", "properties": { "osmid": 277844851, "y": -33.5124763, "x": -70.6395782, "street_cou": 3, "highway": null, "ref": null, "conectivid": 5, "conectiv_1": 0.57142857142857095, "jerarquia": 0.43333333333333302, "jerarquia_": 0.19047619047619099, "dist_servi": 106.75548985265064, "accesibili": 0.0092802696305069998, "accesibi_1": 0.070599102818090995, "peatonal": 3, "peatonal_n": 0.036585365853658999, "equipamien": 10, "equipami_1": 0.10309278350515499, "ICV": 0.163325072189036 }, "geometry": { "type": "Point", "coordinates": [ 347720.836973480007146, 6290694.381615435704589 ] } },
{ "type": "Feature", "properties": { "osmid": 277844856, "y": -33.5125854, "x": -70.6391044, "street_cou": 4, "highway": null, "ref": null, "conectivid": 8, "conectiv_1": 1.0, "jerarquia": 0.4, "jerarquia_": 0.14285714285714299, "dist_servi": 98.535360732248023, "accesibili": 0.010046680824215001, "accesibi_1": 0.077763943191210994, "peatonal": 6, "peatonal_n": 0.073170731707316999, "equipamien": 10, "equipami_1": 0.10309278350515499, "ICV": 0.231047238869932 }, "geometry": { "type": "Point", "coordinates": [ 347765.037972951540723, 6290682.979255544021726 ] } },
{ "type": "Feature", "properties": { "osmid": 277844921, "y": -33.5129241, "x": -70.6381117, "street_cou": 3, "highway": null, "ref": null, "conectivid": 6, "conectiv_1": 0.71428571428571397, "jerarquia": 0.43333333333333302, "jerarquia_": 0.19047619047619099, "dist_servi": 29.105334563066982, "accesibili": 0.033216704431738998, "accesibi_1": 0.294370279257687, "peatonal": 6, "peatonal_n": 0.073170731707316999, "equipamien": 10, "equipami_1": 0.10309278350515499, "ICV": 0.23865422036894099 }, "geometry": { "type": "Point", "coordinates": [ 347857.839798561646603, 6290646.878192253410816 ] } },
{ "type": "Feature", "properties": { "osmid": 277844933, "y": -33.5130696, "x": -70.6374134, "street_cou": 4, "highway": null, "ref": null, "conectivid": 6, "conectiv_1": 0.71428571428571397, "jerarquia": 0.66666666666666696, "jerarquia_": 0.52380952380952395, "dist_servi": 61.672767819980358, "accesibili": 0.015955893361410001, "accesibi_1": 0.13300656609057701, "peatonal": 6, "peatonal_n": 0.073170731707316999, "equipamien": 7, "equipami_1": 0.072164948453608005, "ICV": 0.24864951897263299 }, "geometry": { "type": "Point", "coordinates": [ 347922.957086615089793, 6290631.768076220527291 ] } },
{ "type": "Feature", "properties": { "osmid": 277844963, "y": -33.5128893, "x": -70.6484673, "street_cou": 3, "highway": null, "ref": null, "conectivid": 4, "conectiv_1": 0.42857142857142899, "jerarquia": 0.3, "jerarquia_": 0.0, "dist_servi": 215.84140908996611, "accesibili": 0.0046116652912229997, "accesibi_1": 0.026954379031613001, "peatonal": 0, "peatonal_n": 0.0, "equipamien": 9, "equipami_1": 0.092783505154638998, "ICV": 0.092872466380697002 }, "geometry": { "type": "Point", "coordinates": [ 346895.882014526461717, 6290635.500840682536364 ] } },
{ "type": "Feature", "properties": { "osmid": 277844969, "y": -33.5119214, "x": -70.6481971, "street_cou": 4, "highway": null, "ref": null, "conectivid": 8, "conectiv_1": 1.0, "jerarquia": 0.3, "jerarquia_": 0.0, "dist_servi": 170.7722576492539, "accesibili": 0.0058216618543949997, "accesibi_1": 0.038266103466659998, "peatonal": 5, "peatonal_n": 0.060975609756097997, "equipamien": 12, "equipami_1": 0.123711340206186, "ICV": 0.203824958183903 }, "geometry": { "type": "Point", "coordinates": [ 346919.274902919947635, 6290743.227421003393829 ] } },
{ "type": "Feature", "properties": { "osmid": 277844970, "y": -33.5107657, "x": -70.6478648, "street_cou": 3, "highway": null, "ref": null, "conectivid": 4, "conectiv_1": 0.42857142857142899, "jerarquia": 0.4, "jerarquia_": 0.14285714285714299, "dist_servi": 125.12328501667287, "accesibili": 0.0079287500311129994, "accesibi_1": 0.057964341908662002, "peatonal": 7, "peatonal_n": 0.085365853658536994, "equipamien": 10, "equipami_1": 0.10309278350515499, "ICV": 0.14442181338694099 }, "geometry": { "type": "Point", "coordinates": [ 346948.106028757523745, 6290871.87015859875828 ] } },
{ "type": "Feature", "properties": { "osmid": 277844971, "y": -33.51268, "x": -70.6494724, "street_cou": 3, "highway": null, "ref": null, "conectivid": 4, "conectiv_1": 0.42857142857142899, "jerarquia": 0.3, "jerarquia_": 0.0, "dist_servi": 228.4989070924899, "accesibili": 0.0043573192250409998, "accesibi_1": 0.024576609788830001, "peatonal": 0, "peatonal_n": 0.0, "equipamien": 6, "equipami_1": 0.061855670103093001, "ICV": 0.084664953769253995 }, "geometry": { "type": "Point", "coordinates": [ 346802.152548001846299, 6290657.225636173039675 ] } },
{ "type": "Feature", "properties": { "osmid": 277844974, "y": -33.5117129, "x": -70.6491981, "street_cou": 4, "highway": null, "ref": null, "conectivid": 8, "conectiv_1": 1.0, "jerarquia": 0.3, "jerarquia_": 0.0, "dist_servi": 119.86358902378223, "accesibili": 0.0082737903786990006, "accesibi_1": 0.061189972005192002, "peatonal": 5, "peatonal_n": 0.060975609756097997, "equipamien": 7, "equipami_1": 0.072164948453608005, "ICV": 0.19552313395346499 }, "geometry": { "type": "Point", "coordinates": [ 346825.926721592433751, 6290764.869820710271597 ] } },
{ "type": "Feature", "properties": { "osmid": 277844975, "y": -33.5105604, "x": -70.6488709, "street_cou": 3, "highway": null, "ref": null, "conectivid": 4, "conectiv_1": 0.42857142857142899, "jerarquia": 0.4, "jerarquia_": 0.14285714285714299, "dist_servi": 31.785836422724589, "accesibili": 0.030500975698972001, "accesibi_1": 0.26898212857993098, "peatonal": 5, "peatonal_n": 0.060975609756097997, "equipamien": 10, "equipami_1": 0.10309278350515499, "ICV": 0.18052780974558499 }, "geometry": { "type": "Point", "coordinates": [ 346854.288605593377724, 6290893.150508066639304 ] } },
{ "type": "Feature", "properties": { "osmid": 277844981, "y": -33.512906, "x": -70.6431269, "street_cou": 3, "highway": null, "ref": null, "conectivid": 6, "conectiv_1": 0.71428571428571397, "jerarquia": 0.3, "jerarquia_": 0.0, "dist_servi": 192.40365415852364, "accesibili": 0.0051705331233319997, "accesibi_1": 0.032178988013851002, "peatonal": 2, "peatonal_n": 0.024390243902439001, "equipamien": 6, "equipami_1": 0.061855670103093001, "ICV": 0.13514013324700999 }, "geometry": { "type": "Point", "coordinates": [ 347391.963382513145916, 6290641.51836996152997 ] } },
{ "type": "Feature", "properties": { "osmid": 277844994, "y": -33.5139108, "x": -70.6434215, "street_cou": 4, "highway": null, "ref": null, "conectivid": 6, "conectiv_1": 0.71428571428571397, "jerarquia": 0.3, "jerarquia_": 0.0, "dist_servi": 190.30019087664263, "accesibili": 0.0052273863158080001, "accesibi_1": 0.032710483446251, "peatonal": 0, "peatonal_n": 0.0, "equipamien": 13, "equipami_1": 0.134020618556701, "ICV": 0.147190108471282 }, "geometry": { "type": "Point", "coordinates": [ 347366.364009129465558, 6290529.665461936965585 ] } },
{ "type": "Feature", "properties": { "osmid": 277844995, "y": -33.5147514, "x": -70.6436679, "street_cou": 4, "highway": null, "ref": null, "conectivid": 6, "conectiv_1": 0.71428571428571397, "jerarquia": 0.3, "jerarquia_": 0.0, "dist_servi": 130.36109926481285, "accesibili": 0.0076126037738470003, "accesibi_1": 0.055008829924406998, "peatonal": 2, "peatonal_n": 0.024390243902439001, "equipamien": 11, "equipami_1": 0.11340206185567001, "ICV": 0.15259269956726601 }, "geometry": { "type": "Point", "coordinates": [ 347344.953859565663151, 6290436.091067126020789 ] } },
{ "type": "Feature", "properties": { "osmid": 277844996, "y": -33.5156064, "x": -70.6439185, "street_cou": 4, "highway": null, "ref": null, "conectivid": 7, "conectiv_1": 0.85714285714285698, "jerarquia": 0.4, "jerarquia_": 0.14285714285714299, "dist_servi": 98.357940580141445, "accesibili": 0.010064620846216, "accesibi_1": 0.077931656547937003, "peatonal": 3, "peatonal_n": 0.036585365853658999, "equipamien": 12, "equipami_1": 0.123711340206186, "ICV": 0.20566050782454801 }, "geometry": { "type": "Point", "coordinates": [ 347323.179377255262807, 6290340.913638688623905 ] } },
{ "type": "Feature", "properties": { "osmid": 277844999, "y": -33.5131339, "x": -70.6419772, "street_cou": 3, "highway": null, "ref": null, "conectivid": 5, "conectiv_1": 0.57142857142857095, "jerarquia": 0.3, "jerarquia_": 0.0, "dist_servi": 128.58750150643911, "accesibili": 0.0077167935825219998, "accesibi_1": 0.055982854513028001, "peatonal": 2, "peatonal_n": 0.024390243902439001, "equipamien": 4, "equipami_1": 0.041237113402062001, "ICV": 0.11331769594301699 }, "geometry": { "type": "Point", "coordinates": [ 347499.155083649849985, 6290617.937981326133013 ] } },
{ "type": "Feature", "properties": { "osmid": 277845015, "y": -33.5141397, "x": -70.6422721, "street_cou": 4, "highway": null, "ref": null, "conectivid": 4, "conectiv_1": 0.42857142857142899, "jerarquia": 0.3, "jerarquia_": 0.0, "dist_servi": 208.22314359482544, "accesibili": 0.0047795859617549997, "accesibi_1": 0.028524195351609001, "peatonal": 2, "peatonal_n": 0.024390243902439001, "equipamien": 8, "equipami_1": 0.082474226804124001, "ICV": 0.096706671032676994 }, "geometry": { "type": "Point", "coordinates": [ 347473.528452896978706, 6290505.974068477749825 ] } },
{ "type": "Feature", "properties": { "osmid": 277845016, "y": -33.514979, "x": -70.6425181, "street_cou": 4, "highway": null, "ref": null, "conectivid": 4, "conectiv_1": 0.42857142857142899, "jerarquia": 0.3, "jerarquia_": 0.0, "dist_servi": 113.48442976228158, "accesibili": 0.0087348122541770004, "accesibi_1": 0.065499862274845, "peatonal": 2, "peatonal_n": 0.024390243902439001, "equipamien": 10, "equipami_1": 0.10309278350515499, "ICV": 0.10925644359258201 }, "geometry": { "type": "Point", "coordinates": [ 347452.152215495705605, 6290412.544685795903206 ] } },
{ "type": "Feature", "properties": { "osmid": 277845017, "y": -33.5158403, "x": -70.6427706, "street_cou": 4, "highway": null, "ref": null, "conectivid": 5, "conectiv_1": 0.57142857142857095, "jerarquia": 0.4, "jerarquia_": 0.14285714285714299, "dist_servi": 19.0493819985128, "accesibili": 0.049876849075656003, "accesibi_1": 0.45011862681158099, "peatonal": 3, "peatonal_n": 0.036585365853658999, "equipamien": 10, "equipami_1": 0.10309278350515499, "ICV": 0.23208611984487701 }, "geometry": { "type": "Point", "coordinates": [ 347430.211341034504585, 6290316.666148306801915 ] } },
{ "type": "Feature", "properties": { "osmid": 277845018, "y": -33.5167234, "x": -70.6430205, "street_cou": 4, "highway": null, "ref": null, "conectivid": 4, "conectiv_1": 0.42857142857142899, "jerarquia": 0.3, "jerarquia_": 0.0, "dist_servi": 87.210372775116326, "accesibili": 0.011336535245683999, "accesibi_1": 0.089822223537665002, "peatonal": 3, "peatonal_n": 0.036585365853658999, "equipamien": 11, "equipami_1": 0.11340206185567001, "ICV": 0.119747015920579 }, "geometry": { "type": "Point", "coordinates": [ 347408.55074763786979, 6290218.374014841392636 ] } },
{ "type": "Feature", "properties": { "osmid": 277845019, "y": -33.5176337, "x": -70.643284, "street_cou": 3, "highway": null, "ref": null, "conectivid": 5, "conectiv_1": 0.57142857142857095, "jerarquia": 0.56666666666666698, "jerarquia_": 0.38095238095238099, "dist_servi": 190.56033047465402, "accesibili": 0.0052202875069290002, "accesibi_1": 0.032644119811592001, "peatonal": 3, "peatonal_n": 0.036585365853658999, "equipamien": 10, "equipami_1": 0.10309278350515499, "ICV": 0.184305504159164 }, "geometry": { "type": "Point", "coordinates": [ 347385.675252657965757, 6290117.045658128336072 ] } },
{ "type": "Feature", "properties": { "osmid": 277845027, "y": -33.5135633, "x": -70.6397838, "street_cou": 4, "highway": null, "ref": null, "conectivid": 6, "conectiv_1": 0.71428571428571397, "jerarquia": 0.3, "jerarquia_": 0.0, "dist_servi": 110.91359849695266, "accesibili": 0.0089354646211939996, "accesibi_1": 0.067375672795320002, "peatonal": 2, "peatonal_n": 0.024390243902439001, "equipamien": 11, "equipami_1": 0.11340206185567001, "ICV": 0.15506606814144799 }, "geometry": { "type": "Point", "coordinates": [ 347703.644570237142034, 6290573.54548083525151 ] } },
{ "type": "Feature", "properties": { "osmid": 277845028, "y": -33.5145803, "x": -70.6400603, "street_cou": 4, "highway": null, "ref": null, "conectivid": 4, "conectiv_1": 0.42857142857142899, "jerarquia": 0.3, "jerarquia_": 0.0, "dist_servi": 198.07741213007151, "accesibili": 0.0050231715858679998, "accesibi_1": 0.030801369965302999, "peatonal": 2, "peatonal_n": 0.024390243902439001, "equipamien": 13, "equipami_1": 0.134020618556701, "ICV": 0.11004870389356 }, "geometry": { "type": "Point", "coordinates": [ 347679.744460850139149, 6290460.367269296199083 ] } },
{ "type": "Feature", "properties": { "osmid": 277845029, "y": -33.5154185, "x": -70.6402975, "street_cou": 4, "highway": null, "ref": null, "conectivid": 4, "conectiv_1": 0.42857142857142899, "jerarquia": 0.3, "jerarquia_": 0.0, "dist_servi": 243.36143441413356, "accesibili": 0.0040922987802779996, "accesibi_1": 0.022099050486555, "peatonal": 2, "peatonal_n": 0.024390243902439001, "equipamien": 12, "equipami_1": 0.123711340206186, "ICV": 0.10573092041018101 }, "geometry": { "type": "Point", "coordinates": [ 347659.181829952052794, 6290367.073306512087584 ] } },
{ "type": "Feature", "properties": { "osmid": 277845030, "y": -33.5162943, "x": -70.6405425, "street_cou": 4, "highway": null, "ref": null, "conectivid": 4, "conectiv_1": 0.42857142857142899, "jerarquia": 0.4, "jerarquia_": 0.14285714285714299, "dist_servi": 172.71130388722241, "accesibili": 0.0057566777614500002, "accesibi_1": 0.037658595830330002, "peatonal": 3, "peatonal_n": 0.036585365853658999, "equipamien": 12, "equipami_1": 0.123711340206186, "ICV": 0.13332018139531299 }, "geometry": { "type": "Point", "coordinates": [ 347637.96110591175966, 6290269.598457153886557 ] } },
{ "type": "Feature", "properties": { "osmid": 277845031, "y": -33.5171677, "x": -70.6407926, "street_cou": 4, "highway": null, "ref": null, "conectivid": 4, "conectiv_1": 0.42857142857142899, "jerarquia": 0.3, "jerarquia_": 0.0, "dist_servi": 73.485337413226276, "accesibili": 0.013425461100515, "accesibi_1": 0.109350670439316, "peatonal": 4, "peatonal_n": 0.048780487804878002, "equipamien": 11, "equipami_1": 0.11340206185567001, "ICV": 0.12670148578871501 }, "geometry": { "type": "Point", "coordinates": [ 347616.262967801827472, 6290172.382168639451265 ] } },
{ "type": "Feature", "properties": { "osmid": 277845032, "y": -33.5180828, "x": -70.6410515, "street_cou": 3, "highway": null, "ref": null, "conectivid": 5, "conectiv_1": 0.57142857142857095, "jerarquia": 0.7, "jerarquia_": 0.57142857142857095, "dist_servi": 33.066863460272941, "accesibili": 0.029354037866331999, "accesibi_1": 0.25825991241681701, "peatonal": 4, "peatonal_n": 0.048780487804878002, "equipamien": 7, "equipami_1": 0.072164948453608005, "ICV": 0.25331691297655601 }, "geometry": { "type": "Point", "coordinates": [ 347593.821131093311124, 6290070.528873627074063 ] } },
{ "type": "Feature", "properties": { "osmid": 277845034, "y": -33.513343, "x": -70.640922, "street_cou": 3, "highway": null, "ref": null, "conectivid": 6, "conectiv_1": 0.71428571428571397, "jerarquia": 0.3, "jerarquia_": 0.0, "dist_servi": 59.977081514658941, "accesibili": 0.016399604165371999, "accesibi_1": 0.137154622784316, "peatonal": 2, "peatonal_n": 0.024390243902439001, "equipamien": 5, "equipami_1": 0.051546391752576998, "ICV": 0.153557940613474 }, "geometry": { "type": "Point", "coordinates": [ 347597.535493609844707, 6290596.302262627519667 ] } },
{ "type": "Feature", "properties": { "osmid": 277845036, "y": -33.5143476, "x": -70.6412287, "street_cou": 4, "highway": null, "ref": null, "conectivid": 6, "conectiv_1": 0.71428571428571397, "jerarquia": 0.3, "jerarquia_": 0.0, "dist_servi": 174.06391270989883, "accesibili": 0.0057121995305630001, "accesibi_1": 0.037242788458258, "peatonal": 0, "peatonal_n": 0.0, "equipamien": 7, "equipami_1": 0.072164948453608005, "ICV": 0.13263265194791099 }, "geometry": { "type": "Point", "coordinates": [ 347570.809660292870831, 6290484.454371696338058 ] } },
{ "type": "Feature", "properties": { "osmid": 277845037, "y": -33.5151911, "x": -70.6414463, "street_cou": 3, "highway": null, "ref": null, "conectivid": 4, "conectiv_1": 0.42857142857142899, "jerarquia": 0.3, "jerarquia_": 0.0, "dist_servi": 161.52128798567682, "accesibili": 0.0061530400872050004, "accesibi_1": 0.041364012475166002, "peatonal": 4, "peatonal_n": 0.048780487804878002, "equipamien": 8, "equipami_1": 0.082474226804124001, "ICV": 0.105372195432998 }, "geometry": { "type": "Point", "coordinates": [ 347552.077832413022406, 6290390.601247802376747 ] } },
{ "type": "Feature", "properties": { "osmid": 277845038, "y": -33.5134566, "x": -70.6403488, "street_cou": 3, "highway": null, "ref": null, "conectivid": 6, "conectiv_1": 0.71428571428571397, "jerarquia": 0.3, "jerarquia_": 0.0, "dist_servi": 71.24392543189586, "accesibili": 0.013841994244107, "accesibi_1": 0.113244655167689, "peatonal": 2, "peatonal_n": 0.024390243902439001, "equipamien": 9, "equipami_1": 0.092783505154638998, "ICV": 0.159085225440665 }, "geometry": { "type": "Point", "coordinates": [ 347650.976983087311964, 6290584.547476539388299 ] } },
{ "type": "Feature", "properties": { "osmid": 277845039, "y": -33.514464, "x": -70.6406443, "street_cou": 3, "highway": null, "ref": null, "conectivid": 4, "conectiv_1": 0.42857142857142899, "jerarquia": 0.3, "jerarquia_": 0.0, "dist_servi": 177.922978448408, "accesibili": 0.005588997057124, "accesibi_1": 0.036091022848605998, "peatonal": 0, "peatonal_n": 0.0, "equipamien": 10, "equipami_1": 0.10309278350515499, "ICV": 0.097277114731723999 }, "geometry": { "type": "Point", "coordinates": [ 347625.295800753985532, 6290472.405721483752131 ] } },
{ "type": "Feature", "properties": { "osmid": 277845045, "y": -33.5137616, "x": -70.6388103, "street_cou": 3, "highway": null, "ref": null, "conectivid": 6, "conectiv_1": 0.71428571428571397, "jerarquia": 0.3, "jerarquia_": 0.0, "dist_servi": 84.233170710510095, "accesibili": 0.011732521407615, "accesibi_1": 0.093524123592752001, "peatonal": 6, "peatonal_n": 0.073170731707316999, "equipamien": 9, "equipami_1": 0.092783505154638998, "ICV": 0.16733624107689701 }, "geometry": { "type": "Point", "coordinates": [ 347794.416294365772046, 6290552.985411209054291 ] } },
{ "type": "Feature", "properties": { "osmid": 277845047, "y": -33.5141067, "x": -70.6389134, "street_cou": 3, "highway": null, "ref": null, "conectivid": 6, "conectiv_1": 0.71428571428571397, "jerarquia": 0.3, "jerarquia_": 0.0, "dist_servi": 121.76773100735835, "accesibili": 0.0081454629143550006, "accesibi_1": 0.059990295114956002, "peatonal": 7, "peatonal_n": 0.085365853658536994, "equipamien": 11, "equipami_1": 0.11340206185567001, "ICV": 0.16883289504439999 }, "geometry": { "type": "Point", "coordinates": [ 347785.444330935482867, 6290514.566982610151172 ] } },
{ "type": "Feature", "properties": { "osmid": 277845049, "y": -33.5147413, "x": -70.6392482, "street_cou": 3, "highway": null, "ref": null, "conectivid": 4, "conectiv_1": 0.42857142857142899, "jerarquia": 0.3, "jerarquia_": 0.0, "dist_servi": 160.78022670767032, "accesibili": 0.0061812251123059998, "accesibi_1": 0.041627501849304999, "peatonal": 2, "peatonal_n": 0.024390243902439001, "equipamien": 12, "equipami_1": 0.123711340206186, "ICV": 0.10963661068273101 }, "geometry": { "type": "Point", "coordinates": [ 347755.458277267229278, 6290443.706669501960278 ] } },
{ "type": "Feature", "properties": { "osmid": 277845054, "y": -33.5148024, "x": -70.6389456, "street_cou": 3, "highway": null, "ref": null, "conectivid": 4, "conectiv_1": 0.42857142857142899, "jerarquia": 0.3, "jerarquia_": 0.0, "dist_servi": 135.7450691128482, "accesibili": 0.0073128779449790002, "accesibi_1": 0.052206825286205003, "peatonal": 2, "peatonal_n": 0.024390243902439001, "equipamien": 12, "equipami_1": 0.123711340206186, "ICV": 0.111752475370111 }, "geometry": { "type": "Point", "coordinates": [ 347783.672189871780574, 6290437.375557208433747 ] } },
{ "type": "Feature", "properties": { "osmid": 277845059, "y": -33.5137047, "x": -70.6390975, "street_cou": 3, "highway": null, "ref": null, "conectivid": 6, "conectiv_1": 0.71428571428571397, "jerarquia": 0.3, "jerarquia_": 0.0, "dist_servi": 98.028360125892078, "accesibili": 0.010098117334557, "accesibi_1": 0.078244800450310001, "peatonal": 6, "peatonal_n": 0.073170731707316999, "equipamien": 10, "equipami_1": 0.10309278350515499, "ICV": 0.16685769603603701 }, "geometry": { "type": "Point", "coordinates": [ 347767.639855348563287, 6290558.873440515249968 ] } },
{ "type": "Feature", "properties": { "osmid": 277845071, "y": -33.5128288, "x": -70.6385582, "street_cou": 3, "highway": null, "ref": null, "conectivid": 6, "conectiv_1": 0.71428571428571397, "jerarquia": 0.43333333333333302, "jerarquia_": 0.19047619047619099, "dist_servi": 43.536621524425613, "accesibili": 0.022453431934696001, "accesibi_1": 0.19374918973439201, "peatonal": 6, "peatonal_n": 0.073170731707316999, "equipamien": 10, "equipami_1": 0.10309278350515499, "ICV": 0.218530002464282 }, "geometry": { "type": "Point", "coordinates": [ 347816.199067285866477, 6290656.790777619928122 ] } },
{ "type": "Feature", "properties": { "osmid": 277845100, "y": -33.5184341, "x": -70.6392918, "street_cou": 3, "highway": null, "ref": null, "conectivid": 4, "conectiv_1": 0.42857142857142899, "jerarquia": 0.7, "jerarquia_": 0.57142857142857095, "dist_servi": 68.555745967924452, "accesibili": 0.014376957447357, "accesibi_1": 0.118245790313217, "peatonal": 3, "peatonal_n": 0.036585365853658999, "equipamien": 8, "equipami_1": 0.082474226804124001, "ICV": 0.203414056227089 }, "geometry": { "type": "Point", "coordinates": [ 347757.879485762619879, 6290034.158535050228238 ] } },
{ "type": "Feature", "properties": { "osmid": 282824517, "y": -33.5114965, "x": -70.6502358, "street_cou": 4, "highway": null, "ref": null, "conectivid": 6, "conectiv_1": 0.71428571428571397, "jerarquia": 0.3, "jerarquia_": 0.0, "dist_servi": 135.68574547468404, "accesibili": 0.0073160518423280004, "accesibi_1": 0.052236496653285003, "peatonal": 5, "peatonal_n": 0.060975609756097997, "equipamien": 9, "equipami_1": 0.092783505154638998, "ICV": 0.15602993520119801 }, "geometry": { "type": "Point", "coordinates": [ 346729.155144806602038, 6290787.333117268979549 ] } },
{ "type": "Feature", "properties": { "osmid": 282824527, "y": -33.511376, "x": -70.6508131, "street_cou": 4, "highway": null, "ref": null, "conectivid": 8, "conectiv_1": 1.0, "jerarquia": 0.3, "jerarquia_": 0.0, "dist_servi": 170.88964063199396, "accesibili": 0.0058176862568519996, "accesibi_1": 0.038228937357895003, "peatonal": 5, "peatonal_n": 0.060975609756097997, "equipamien": 10, "equipami_1": 0.10309278350515499, "ICV": 0.19866288578689201 }, "geometry": { "type": "Point", "coordinates": [ 346675.318141676485538, 6290799.841933060437441 ] } },
{ "type": "Feature", "properties": { "osmid": 282824535, "y": -33.5122238, "x": -70.6516634, "street_cou": 3, "highway": null, "ref": null, "conectivid": 4, "conectiv_1": 0.42857142857142899, "jerarquia": 0.3, "jerarquia_": 0.0, "dist_servi": 159.80243987016294, "accesibili": 0.006218811112614, "accesibi_1": 0.041978876796176998, "peatonal": 0, "peatonal_n": 0.0, "equipamien": 5, "equipami_1": 0.051546391752576998, "ICV": 0.085568087583094005 }, "geometry": { "type": "Point", "coordinates": [ 346597.831785010057501, 6290704.574550712481141 ] } },
{ "type": "Feature", "properties": { "osmid": 282824538, "y": -33.5123446, "x": -70.6510831, "street_cou": 3, "highway": null, "ref": null, "conectivid": 4, "conectiv_1": 0.42857142857142899, "jerarquia": 0.3, "jerarquia_": 0.0, "dist_servi": 187.17416953223943, "accesibili": 0.0053142256585259999, "accesibi_1": 0.033522306177687998, "peatonal": 0, "peatonal_n": 0.0, "equipamien": 7, "equipami_1": 0.072164948453608005, "ICV": 0.089031412634654 }, "geometry": { "type": "Point", "coordinates": [ 346651.947579475352541, 6290692.037350239232183 ] } },
{ "type": "Feature", "properties": { "osmid": 282824549, "y": -33.5120436, "x": -70.652529, "street_cou": 3, "highway": null, "ref": null, "conectivid": 3, "conectiv_1": 0.28571428571428598, "jerarquia": 0.3, "jerarquia_": 0.0, "dist_servi": 151.1249635630723, "accesibili": 0.0065735430699729999, "accesibi_1": 0.045295109479875001, "peatonal": 1, "peatonal_n": 0.01219512195122, "equipamien": 7, "equipami_1": 0.072164948453608005, "ICV": 0.073006182354325003 }, "geometry": { "type": "Point", "coordinates": [ 346517.11007344070822, 6290723.276079438626766 ] } },
{ "type": "Feature", "properties": { "osmid": 282824551, "y": -33.512463, "x": -70.6505146, "street_cou": 3, "highway": null, "ref": null, "conectivid": 3, "conectiv_1": 0.28571428571428598, "jerarquia": 0.3, "jerarquia_": 0.0, "dist_servi": 224.32434879951859, "accesibili": 0.0044380467771359998, "accesibi_1": 0.025331296084154999, "peatonal": 0, "peatonal_n": 0.0, "equipamien": 7, "equipami_1": 0.072164948453608005, "ICV": 0.065964639187375995 }, "geometry": { "type": "Point", "coordinates": [ 346704.962915299693123, 6290679.748542862944305 ] } },
{ "type": "Feature", "properties": { "osmid": 282824552, "y": -33.5112546, "x": -70.6513957, "street_cou": 4, "highway": null, "ref": null, "conectivid": 8, "conectiv_1": 1.0, "jerarquia": 0.3, "jerarquia_": 0.0, "dist_servi": 211.67473788644389, "accesibili": 0.0047020159043710003, "accesibi_1": 0.027799027082342002, "peatonal": 5, "peatonal_n": 0.060975609756097997, "equipamien": 9, "equipami_1": 0.092783505154638998, "ICV": 0.193999584144153 }, "geometry": { "type": "Point", "coordinates": [ 346620.987086522451136, 6290812.44241542275995 ] } },
{ "type": "Feature", "properties": { "osmid": 282824592, "y": -33.5103494, "x": -70.6499048, "street_cou": 4, "highway": null, "ref": null, "conectivid": 4, "conectiv_1": 0.42857142857142899, "jerarquia": 0.4, "jerarquia_": 0.14285714285714299, "dist_servi": 42.752791403413447, "accesibili": 0.022855684584320999, "accesibi_1": 0.19750967242030501, "peatonal": 5, "peatonal_n": 0.060975609756097997, "equipamien": 10, "equipami_1": 0.10309278350515499, "ICV": 0.16623331851365999 }, "geometry": { "type": "Point", "coordinates": [ 346757.87834538979223, 6290915.020951302722096 ] } },
{ "type": "Feature", "properties": { "osmid": 282824684, "y": -33.5133696, "x": -70.6554665, "street_cou": 3, "highway": null, "ref": null, "conectivid": 6, "conectiv_1": 0.71428571428571397, "jerarquia": 0.3, "jerarquia_": 0.0, "dist_servi": 96.921164184636282, "accesibili": 0.010212296885221, "accesibi_1": 0.079312214732751005, "peatonal": 4, "peatonal_n": 0.048780487804878002, "equipamien": 44, "equipami_1": 0.45360824742268002, "ICV": 0.24860248389629699 }, "geometry": { "type": "Point", "coordinates": [ 346246.598629035695922, 6290571.889222141355276 ] } },
{ "type": "Feature", "properties": { "osmid": 282824690, "y": -33.5105901, "x": -70.6546379, "street_cou": 4, "highway": null, "ref": null, "conectivid": 8, "conectiv_1": 1.0, "jerarquia": 0.3, "jerarquia_": 0.0, "dist_servi": 149.66672623414163, "accesibili": 0.006637165517527, "accesibi_1": 0.045889887693730001, "peatonal": 13, "peatonal_n": 0.15853658536585399, "equipamien": 51, "equipami_1": 0.52577319587628901, "ICV": 0.330255422849282 }, "geometry": { "type": "Point", "coordinates": [ 346318.648633364471607, 6290881.328697763383389 ] } },
{ "type": "Feature", "properties": { "osmid": 282824699, "y": -33.5114856, "x": -70.6548973, "street_cou": 4, "highway": null, "ref": null, "conectivid": 6, "conectiv_1": 0.71428571428571397, "jerarquia": 0.3, "jerarquia_": 0.0, "dist_servi": 100.79733102281688, "accesibili": 0.0098234402606870008, "accesibi_1": 0.075676965579692002, "peatonal": 7, "peatonal_n": 0.085365853658536994, "equipamien": 52, "equipami_1": 0.536082474226804, "ICV": 0.27764033223013102 }, "geometry": { "type": "Point", "coordinates": [ 346296.137070461001713, 6290781.644702132791281 ] } },
{ "type": "Feature", "properties": { "osmid": 282824718, "y": -33.5118493, "x": -70.6534621, "street_cou": 3, "highway": null, "ref": null, "conectivid": 4, "conectiv_1": 0.42857142857142899, "jerarquia": 0.3, "jerarquia_": 0.0, "dist_servi": 187.91313432488221, "accesibili": 0.0052934381909109998, "accesibi_1": 0.033327973307233, "peatonal": 4, "peatonal_n": 0.048780487804878002, "equipamien": 21, "equipami_1": 0.216494845360825, "ICV": 0.137270142238587 }, "geometry": { "type": "Point", "coordinates": [ 346430.09316289506387, 6290743.440530713647604 ] } },
{ "type": "Feature", "properties": { "osmid": 282824765, "y": -33.5103425, "x": -70.6522536, "street_cou": 4, "highway": null, "ref": null, "conectivid": 6, "conectiv_1": 0.71428571428571397, "jerarquia": 0.3, "jerarquia_": 0.0, "dist_servi": 136.43012407058526, "accesibili": 0.0072764250688329996, "accesibi_1": 0.051866043417575003, "peatonal": 5, "peatonal_n": 0.060975609756097997, "equipamien": 10, "equipami_1": 0.10309278350515499, "ICV": 0.158533164141685 }, "geometry": { "type": "Point", "coordinates": [ 346539.687311644549482, 6290912.3140131495893 ] } },
{ "type": "Feature", "properties": { "osmid": 282824766, "y": -33.5105579, "x": -70.6511857, "street_cou": 3, "highway": null, "ref": null, "conectivid": 6, "conectiv_1": 0.71428571428571397, "jerarquia": 0.3, "jerarquia_": 0.0, "dist_servi": 163.87272854523709, "accesibili": 0.0060652844701699999, "accesibi_1": 0.040543623899087, "peatonal": 5, "peatonal_n": 0.060975609756097997, "equipamien": 11, "equipami_1": 0.11340206185567001, "ICV": 0.15884599982561601 }, "geometry": { "type": "Point", "coordinates": [ 346639.264154683565721, 6290890.008094428107142 ] } },
{ "type": "Feature", "properties": { "osmid": 282824767, "y": -33.5108783, "x": -70.6531778, "street_cou": 4, "highway": null, "ref": null, "conectivid": 8, "conectiv_1": 1.0, "jerarquia": 0.3, "jerarquia_": 0.0, "dist_servi": 178.99439965031866, "accesibili": 0.0055557284112320001, "accesibi_1": 0.035780008944843997, "peatonal": 11, "peatonal_n": 0.134146341463415, "equipamien": 11, "equipami_1": 0.11340206185567001, "ICV": 0.21904310261873999 }, "geometry": { "type": "Point", "coordinates": [ 346454.785509000532329, 6290851.53302441816777 ] } },
{ "type": "Feature", "properties": { "osmid": 282824778, "y": -33.5107379, "x": -70.6538864, "street_cou": 4, "highway": null, "ref": null, "conectivid": 8, "conectiv_1": 1.0, "jerarquia": 0.3, "jerarquia_": 0.0, "dist_servi": 183.03320037245638, "accesibili": 0.0054338021507869998, "accesibi_1": 0.034640174087840002, "peatonal": 11, "peatonal_n": 0.134146341463415, "equipamien": 26, "equipami_1": 0.268041237113402, "ICV": 0.25747492946177197 }, "geometry": { "type": "Point", "coordinates": [ 346388.716200470691547, 6290866.052576724439859 ] } },
{ "type": "Feature", "properties": { "osmid": 310701802, "y": -33.513393, "x": -70.6623748, "street_cou": 3, "highway": null, "ref": null, "conectivid": 4, "conectiv_1": 0.42857142857142899, "jerarquia": 0.7, "jerarquia_": 0.57142857142857095, "dist_servi": 243.50433817924377, "accesibili": 0.004089906982619, "accesibi_1": 0.022076690624678999, "peatonal": 1, "peatonal_n": 0.01219512195122, "equipamien": 6, "equipami_1": 0.061855670103093001, "ICV": 0.17292803613851401 }, "geometry": { "type": "Point", "coordinates": [ 345604.953022371395491, 6290559.033409269526601 ] } },
{ "type": "Feature", "properties": { "osmid": 310702395, "y": -33.5122354, "x": -70.6661785, "street_cou": 3, "highway": null, "ref": null, "conectivid": 4, "conectiv_1": 0.42857142857142899, "jerarquia": 0.7, "jerarquia_": 0.57142857142857095, "dist_servi": 168.63562024541554, "accesibili": 0.0058949883199839997, "accesibi_1": 0.038951600267051002, "peatonal": 2, "peatonal_n": 0.024390243902439001, "equipamien": 7, "equipami_1": 0.072164948453608005, "ICV": 0.18192911814242199 }, "geometry": { "type": "Point", "coordinates": [ 345249.579121572664008, 6290681.729034414514899 ] } },
{ "type": "Feature", "properties": { "osmid": 310722857, "y": -33.5115458, "x": -70.668461, "street_cou": 4, "highway": null, "ref": null, "conectivid": 5, "conectiv_1": 0.57142857142857095, "jerarquia": 0.56666666666666698, "jerarquia_": 0.38095238095238099, "dist_servi": 357.41384768037227, "accesibili": 0.0027900707700660001, "accesibi_1": 0.0099250949139089994, "peatonal": 3, "peatonal_n": 0.036585365853658999, "equipamien": 1, "equipami_1": 0.010309278350515001, "ICV": 0.15656582289096799 }, "geometry": { "type": "Point", "coordinates": [ 345036.332996912882663, 6290754.789847577922046 ] } },
{ "type": "Feature", "properties": { "osmid": 310722919, "y": -33.5112434, "x": -70.6694735, "street_cou": 3, "highway": null, "ref": null, "conectivid": 4, "conectiv_1": 0.42857142857142899, "jerarquia": 0.7, "jerarquia_": 0.57142857142857095, "dist_servi": 452.01375943134605, "accesibili": 0.0022074384699819999, "accesibi_1": 0.0044783223972760001, "peatonal": 4, "peatonal_n": 0.048780487804878002, "equipamien": 1, "equipami_1": 0.010309278350515001, "ICV": 0.16566810601830301 }, "geometry": { "type": "Point", "coordinates": [ 344941.74375000083819, 6290786.809340130537748 ] } },
{ "type": "Feature", "properties": { "osmid": 310722940, "y": -33.5138535, "x": -70.6608613, "street_cou": 3, "highway": null, "ref": null, "conectivid": 4, "conectiv_1": 0.42857142857142899, "jerarquia": 0.7, "jerarquia_": 0.57142857142857095, "dist_servi": 96.979122029390439, "accesibili": 0.010206255978698, "accesibi_1": 0.079255740960829005, "peatonal": 1, "peatonal_n": 0.01219512195122, "equipamien": 6, "equipami_1": 0.061855670103093001, "ICV": 0.184363846205744 }, "geometry": { "type": "Point", "coordinates": [ 345746.354148566024378, 6290510.221364831551909 ] } },
{ "type": "Feature", "properties": { "osmid": 310722965, "y": -33.5123669, "x": -70.6657429, "street_cou": 3, "highway": null, "ref": null, "conectivid": 4, "conectiv_1": 0.42857142857142899, "jerarquia": 0.7, "jerarquia_": 0.57142857142857095, "dist_servi": 145.0224413685774, "accesibili": 0.0068482624357439998, "accesibi_1": 0.047863339718822999, "peatonal": 2, "peatonal_n": 0.024390243902439001, "equipamien": 6, "equipami_1": 0.061855670103093001, "ICV": 0.181134146445148 }, "geometry": { "type": "Point", "coordinates": [ 345290.275152274407446, 6290667.797047541476786 ] } },
{ "type": "Feature", "properties": { "osmid": 310722969, "y": -33.5125154, "x": -70.6652515, "street_cou": 3, "highway": null, "ref": null, "conectivid": 4, "conectiv_1": 0.42857142857142899, "jerarquia": 0.7, "jerarquia_": 0.57142857142857095, "dist_servi": 130.85223820317015, "accesibili": 0.0075842474396160004, "accesibi_1": 0.054743739056734998, "peatonal": 0, "peatonal_n": 0.0, "equipamien": 6, "equipami_1": 0.061855670103093001, "ICV": 0.17641266533711999 }, "geometry": { "type": "Point", "coordinates": [ 345336.184436328476295, 6290652.063000250607729 ] } },
{ "type": "Feature", "properties": { "osmid": 310723015, "y": -33.5103147, "x": -70.6652421, "street_cou": 3, "highway": null, "ref": null, "conectivid": 3, "conectiv_1": 0.28571428571428598, "jerarquia": 0.3, "jerarquia_": 0.0, "dist_servi": 140.02670142011434, "accesibili": 0.007090855773624, "accesibi_1": 0.050131237885979001, "peatonal": 1, "peatonal_n": 0.01219512195122, "equipamien": 8, "equipami_1": 0.082474226804124001, "ICV": 0.076550727623173997 }, "geometry": { "type": "Point", "coordinates": [ 345333.140678204246797, 6290896.107476517558098 ] } },
{ "type": "Feature", "properties": { "osmid": 310723043, "y": -33.5122614, "x": -70.6660924, "street_cou": 3, "highway": null, "ref": null, "conectivid": 5, "conectiv_1": 0.57142857142857095, "jerarquia": 0.7, "jerarquia_": 0.57142857142857095, "dist_servi": 163.34240110595707, "accesibili": 0.0060848569405730002, "accesibi_1": 0.040726598296244997, "peatonal": 2, "peatonal_n": 0.024390243902439001, "equipamien": 7, "equipami_1": 0.072164948453608005, "ICV": 0.203712689176832 }, "geometry": { "type": "Point", "coordinates": [ 345257.623058013385162, 6290678.974395211786032 ] } },
{ "type": "Feature", "properties": { "osmid": 310723058, "y": -33.5116382, "x": -70.6645255, "street_cou": 4, "highway": null, "ref": null, "conectivid": 6, "conectiv_1": 0.71428571428571397, "jerarquia": 0.43333333333333302, "jerarquia_": 0.19047619047619099, "dist_servi": 21.149575462379634, "accesibili": 0.045147592182904997, "accesibi_1": 0.40590688904178102, "peatonal": 0, "peatonal_n": 0.0, "equipamien": 6, "equipami_1": 0.061855670103093001, "ICV": 0.232359581048415 }, "geometry": { "type": "Point", "coordinates": [ 345402.060080450028181, 6290750.415858373045921 ] } },
{ "type": "Feature", "properties": { "osmid": 310723068, "y": -33.5112909, "x": -70.6656685, "street_cou": 4, "highway": null, "ref": null, "conectivid": 4, "conectiv_1": 0.42857142857142899, "jerarquia": 0.3, "jerarquia_": 0.0, "dist_servi": 99.711301805926368, "accesibili": 0.0099293721962510004, "accesibi_1": 0.076667276544568994, "peatonal": 3, "peatonal_n": 0.036585365853658999, "equipamien": 7, "equipami_1": 0.072164948453608005, "ICV": 0.106806748171445 }, "geometry": { "type": "Point", "coordinates": [ 345295.270367619930767, 6290787.223139800131321 ] } },
{ "type": "Feature", "properties": { "osmid": 310723099, "y": -33.5105712, "x": -70.6680389, "street_cou": 4, "highway": null, "ref": null, "conectivid": 4, "conectiv_1": 0.42857142857142899, "jerarquia": 0.3, "jerarquia_": 0.0, "dist_servi": 333.10020871665228, "accesibili": 0.002993113963745, "accesibi_1": 0.011823256218834999, "peatonal": 3, "peatonal_n": 0.036585365853658999, "equipamien": 1, "equipami_1": 0.010309278350515001, "ICV": 0.078374026580525002 }, "geometry": { "type": "Point", "coordinates": [ 345073.803712631866802, 6290863.491476146504283 ] } },
{ "type": "Feature", "properties": { "osmid": 310723111, "y": -33.5103109, "x": -70.6688962, "street_cou": 4, "highway": null, "ref": null, "conectivid": 4, "conectiv_1": 0.42857142857142899, "jerarquia": 0.3, "jerarquia_": 0.0, "dist_servi": 417.74275964307645, "accesibili": 0.0023881009927250001, "accesibi_1": 0.0061672566762690003, "peatonal": 3, "peatonal_n": 0.036585365853658999, "equipamien": 1, "equipami_1": 0.010309278350515001, "ICV": 0.077242826672012002 }, "geometry": { "type": "Point", "coordinates": [ 344993.705176758521702, 6290891.074902386404574 ] } },
{ "type": "Feature", "properties": { "osmid": 310723137, "y": -33.5104467, "x": -70.6684489, "street_cou": 4, "highway": null, "ref": null, "conectivid": 6, "conectiv_1": 0.71428571428571397, "jerarquia": 0.3, "jerarquia_": 0.0, "dist_servi": 373.57643497318679, "accesibili": 0.0026696820905769999, "accesibi_1": 0.0087996342234139997, "peatonal": 3, "peatonal_n": 0.036585365853658999, "equipamien": 1, "equipami_1": 0.010309278350515001, "ICV": 0.120626445038583 }, "geometry": { "type": "Point", "coordinates": [ 345035.496974184119608, 6290876.684614366851747 ] } },
{ "type": "Feature", "properties": { "osmid": 310723139, "y": -33.5114245, "x": -70.6688672, "street_cou": 3, "highway": null, "ref": null, "conectivid": 6, "conectiv_1": 0.71428571428571397, "jerarquia": 0.56666666666666698, "jerarquia_": 0.38095238095238099, "dist_servi": 395.05483347613409, "accesibili": 0.0025249029060519998, "accesibi_1": 0.0074461574540449996, "peatonal": 4, "peatonal_n": 0.048780487804878002, "equipamien": 1, "equipami_1": 0.010309278350515001, "ICV": 0.18054738731537201 }, "geometry": { "type": "Point", "coordinates": [ 344998.385305650532246, 6290767.63366219215095 ] } },
{ "type": "Feature", "properties": { "osmid": 310723159, "y": -33.5108356, "x": -70.6671681, "street_cou": 3, "highway": null, "ref": null, "conectivid": 4, "conectiv_1": 0.42857142857142899, "jerarquia": 0.3, "jerarquia_": 0.0, "dist_servi": 247.17583541068109, "accesibili": 0.004029401163676, "accesibi_1": 0.021511048397720001, "peatonal": 3, "peatonal_n": 0.036585365853658999, "equipamien": 6, "equipami_1": 0.061855670103093001, "ICV": 0.093198182954445999 }, "geometry": { "type": "Point", "coordinates": [ 345155.163071555201896, 6290835.472911477088928 ] } },
{ "type": "Feature", "properties": { "osmid": 310723198, "y": -33.5127181, "x": -70.6609789, "street_cou": 4, "highway": null, "ref": null, "conectivid": 4, "conectiv_1": 0.42857142857142899, "jerarquia": 0.3, "jerarquia_": 0.0, "dist_servi": 167.676094060292, "accesibili": 0.0059285223882559997, "accesibi_1": 0.039265095487634002, "peatonal": 1, "peatonal_n": 0.01219512195122, "equipamien": 11, "equipami_1": 0.11340206185567001, "ICV": 0.10353802933496301 }, "geometry": { "type": "Point", "coordinates": [ 345733.415008031006437, 6290635.948249895125628 ] } },
{ "type": "Feature", "properties": { "osmid": 310723199, "y": -33.5122396, "x": -70.6625566, "street_cou": 4, "highway": null, "ref": null, "conectivid": 4, "conectiv_1": 0.42857142857142899, "jerarquia": 0.3, "jerarquia_": 0.0, "dist_servi": 159.45787167946594, "accesibili": 0.0062321654246889997, "accesibi_1": 0.042103720372442997, "peatonal": 1, "peatonal_n": 0.01219512195122, "equipamien": 7, "equipami_1": 0.072164948453608005, "ICV": 0.093796475961409997 }, "geometry": { "type": "Point", "coordinates": [ 345586.016632480197586, 6290686.660578966140747 ] } },
{ "type": "Feature", "properties": { "osmid": 310723200, "y": -33.5136923, "x": -70.661393, "street_cou": 3, "highway": null, "ref": null, "conectivid": 5, "conectiv_1": 0.57142857142857095, "jerarquia": 0.56666666666666698, "jerarquia_": 0.38095238095238099, "dist_servi": 147.74720782987544, "accesibili": 0.0067228152688669999, "accesibi_1": 0.046690589459809001, "peatonal": 1, "peatonal_n": 0.01219512195122, "equipamien": 3, "equipami_1": 0.030927835051546001, "ICV": 0.16297599999979601 }, "geometry": { "type": "Point", "coordinates": [ 345696.680433249566704, 6290527.305645084008574 ] } },
{ "type": "Feature", "properties": { "osmid": 310723201, "y": -33.5117345, "x": -70.6605572, "street_cou": 4, "highway": null, "ref": null, "conectivid": 4, "conectiv_1": 0.42857142857142899, "jerarquia": 0.3, "jerarquia_": 0.0, "dist_servi": 58.554242805131189, "accesibili": 0.016791414900062002, "accesibi_1": 0.140817488610888, "peatonal": 0, "peatonal_n": 0.0, "equipamien": 17, "equipami_1": 0.17525773195876301, "ICV": 0.13626364499758301 }, "geometry": { "type": "Point", "coordinates": [ 345770.839754066313617, 6290745.644310012459755 ] } },
{ "type": "Feature", "properties": { "osmid": 310723202, "y": -33.5107513, "x": -70.6601337, "street_cou": 4, "highway": null, "ref": null, "conectivid": 4, "conectiv_1": 0.42857142857142899, "jerarquia": 0.3, "jerarquia_": 0.0, "dist_servi": 57.831277434365745, "accesibili": 0.016997761116366, "accesibi_1": 0.142746528418177, "peatonal": 0, "peatonal_n": 0.0, "equipamien": 10, "equipami_1": 0.10309278350515499, "ICV": 0.11860821584563799 }, "geometry": { "type": "Point", "coordinates": [ 345808.433340145158581, 6290855.298496995121241 ] } },
{ "type": "Feature", "properties": { "osmid": 310949002, "y": -33.5155952, "x": -70.6535534, "street_cou": 3, "highway": null, "ref": null, "conectivid": 4, "conectiv_1": 0.42857142857142899, "jerarquia": 0.7, "jerarquia_": 0.57142857142857095, "dist_servi": 223.01055528531543, "accesibili": 0.0044640753589769997, "accesibi_1": 0.025574625820936, "peatonal": 1, "peatonal_n": 0.01219512195122, "equipamien": 2, "equipami_1": 0.020618556701031, "ICV": 0.16331834482724999 }, "geometry": { "type": "Point", "coordinates": [ 346428.233172653592192, 6290327.932125400751829 ] } },
{ "type": "Feature", "properties": { "osmid": 310949078, "y": -33.5169313, "x": -70.646807, "street_cou": 3, "highway": null, "ref": null, "conectivid": 2, "conectiv_1": 0.14285714285714299, "jerarquia": 0.7, "jerarquia_": 0.57142857142857095, "dist_servi": 27.326188767663535, "accesibili": 0.035303019696796001, "accesibi_1": 0.31387432090644102, "peatonal": 1, "peatonal_n": 0.01219512195122, "equipamien": 7, "equipami_1": 0.072164948453608005, "ICV": 0.191007738925352 }, "geometry": { "type": "Point", "coordinates": [ 347057.216899661987554, 6290189.743621110916138 ] } },
{ "type": "Feature", "properties": { "osmid": 310949084, "y": -33.5164886, "x": -70.6490293, "street_cou": 3, "highway": null, "ref": null, "conectivid": 4, "conectiv_1": 0.42857142857142899, "jerarquia": 0.7, "jerarquia_": 0.57142857142857095, "dist_servi": 138.01293714352377, "accesibili": 0.0071935750768829998, "accesibi_1": 0.051091515367743, "peatonal": 2, "peatonal_n": 0.024390243902439001, "equipamien": 4, "equipami_1": 0.041237113402062001, "ICV": 0.176625142399674 }, "geometry": { "type": "Point", "coordinates": [ 346850.023981286678463, 6290235.554375866428018 ] } },
{ "type": "Feature", "properties": { "osmid": 457775903, "y": -33.5173602, "x": -70.6446261, "street_cou": 4, "highway": null, "ref": null, "conectivid": 4, "conectiv_1": 0.42857142857142899, "jerarquia": 0.7, "jerarquia_": 0.57142857142857095, "dist_servi": 134.40229436412912, "accesibili": 0.0073853992260339996, "accesibi_1": 0.052884794771352002, "peatonal": 1, "peatonal_n": 0.01219512195122, "equipamien": 11, "equipami_1": 0.11340206185567001, "ICV": 0.19197625490599299 }, "geometry": { "type": "Point", "coordinates": [ 347260.538061108614784, 6290145.397760177031159 ] } },
{ "type": "Feature", "properties": { "osmid": 457790049, "y": -33.5187738, "x": -70.6374992, "street_cou": 3, "highway": null, "ref": null, "conectivid": 3, "conectiv_1": 0.28571428571428598, "jerarquia": 0.7, "jerarquia_": 0.57142857142857095, "dist_servi": 124.58823656733615, "accesibili": 0.0079625291932800008, "accesibi_1": 0.058280128404024002, "peatonal": 10, "peatonal_n": 0.12195121951219499, "equipamien": 6, "equipami_1": 0.061855670103093001, "ICV": 0.18617917665605499 }, "geometry": { "type": "Point", "coordinates": [ 347924.97192033205647, 6289999.119977241382003 ] } },
{ "type": "Feature", "properties": { "osmid": 470362591, "y": -33.5130719, "x": -70.6372706, "street_cou": 4, "highway": null, "ref": null, "conectivid": 6, "conectiv_1": 0.71428571428571397, "jerarquia": 0.36666666666666697, "jerarquia_": 0.095238095238094997, "dist_servi": 68.042139457672292, "accesibili": 0.014483908057529001, "accesibi_1": 0.119245624417914, "peatonal": 6, "peatonal_n": 0.073170731707316999, "equipamien": 7, "equipami_1": 0.072164948453608005, "ICV": 0.18161161635238501 }, "geometry": { "type": "Point", "coordinates": [ 347936.225280248327181, 6290631.722377467900515 ] } },
{ "type": "Feature", "properties": { "osmid": 497479287, "y": -33.5187179, "x": -70.6366856, "street_cou": 5, "highway": null, "ref": null, "conectivid": 3, "conectiv_1": 0.28571428571428598, "jerarquia": 0.7, "jerarquia_": 0.57142857142857095, "dist_servi": 190.45048922453941, "accesibili": 0.0052232825523219999, "accesibi_1": 0.032672119170587002, "peatonal": 9, "peatonal_n": 0.109756097560976, "equipamien": 6, "equipami_1": 0.061855670103093001, "ICV": 0.178008794321563 }, "geometry": { "type": "Point", "coordinates": [ 348000.441469086217694, 6290006.511206613853574 ] } },
{ "type": "Feature", "properties": { "osmid": 508037055, "y": -33.5140346, "x": -70.637286, "street_cou": 3, "highway": null, "ref": null, "conectivid": 4, "conectiv_1": 0.42857142857142899, "jerarquia": 0.65, "jerarquia_": 0.5, "dist_servi": 47.832376723914443, "accesibili": 0.020478216853006, "accesibi_1": 0.17528377472077999, "peatonal": 7, "peatonal_n": 0.085365853658536994, "equipamien": 9, "equipami_1": 0.092783505154638998, "ICV": 0.218879808933164 }, "geometry": { "type": "Point", "coordinates": [ 347936.479590125381947, 6290524.948813978582621 ] } },
{ "type": "Feature", "properties": { "osmid": 508037056, "y": -33.5151535, "x": -70.6371604, "street_cou": 3, "highway": null, "ref": null, "conectivid": 3, "conectiv_1": 0.28571428571428598, "jerarquia": 0.65, "jerarquia_": 0.5, "dist_servi": 58.432900518673009, "accesibili": 0.016825697404518, "accesibi_1": 0.14113798063140101, "peatonal": 6, "peatonal_n": 0.073170731707316999, "equipamien": 12, "equipami_1": 0.123711340206186, "ICV": 0.19530525696179901 }, "geometry": { "type": "Point", "coordinates": [ 347950.104002495645545, 6290401.061364188790321 ] } },
{ "type": "Feature", "properties": { "osmid": 508037057, "y": -33.5160594, "x": -70.6370595, "street_cou": 3, "highway": null, "ref": null, "conectivid": 3, "conectiv_1": 0.28571428571428598, "jerarquia": 0.65, "jerarquia_": 0.5, "dist_servi": 82.495141508747977, "accesibili": 0.011976744777362, "accesibi_1": 0.095807260209213999, "peatonal": 12, "peatonal_n": 0.146341463414634, "equipamien": 11, "equipami_1": 0.11340206185567001, "ICV": 0.20195447621656201 }, "geometry": { "type": "Point", "coordinates": [ 347961.061232431326061, 6290300.75663629360497 ] } },
{ "type": "Feature", "properties": { "osmid": 508037058, "y": -33.5169897, "x": -70.6369673, "street_cou": 4, "highway": null, "ref": null, "conectivid": 5, "conectiv_1": 0.57142857142857095, "jerarquia": 0.66666666666666696, "jerarquia_": 0.52380952380952395, "dist_servi": 112.62282052118105, "accesibili": 0.0088010489038469995, "accesibi_1": 0.066119079511803999, "peatonal": 15, "peatonal_n": 0.18292682926829301, "equipamien": 9, "equipami_1": 0.092783505154638998, "ICV": 0.246437113793808 }, "geometry": { "type": "Point", "coordinates": [ 347971.25292629073374, 6290197.73349208664149 ] } },
{ "type": "Feature", "properties": { "osmid": 508037059, "y": -33.5170101, "x": -70.636821, "street_cou": 4, "highway": null, "ref": null, "conectivid": 6, "conectiv_1": 0.71428571428571397, "jerarquia": 0.36666666666666697, "jerarquia_": 0.095238095238094997, "dist_servi": 126.04282207516478, "accesibili": 0.0078713616689679994, "accesibi_1": 0.057427843410965997, "peatonal": 15, "peatonal_n": 0.18292682926829301, "equipamien": 9, "equipami_1": 0.092783505154638998, "ICV": 0.201841723716498 }, "geometry": { "type": "Point", "coordinates": [ 347984.877276187296957, 6290195.685820959508419 ] } },
{ "type": "Feature", "properties": { "osmid": 508037060, "y": -33.5179435, "x": -70.6368381, "street_cou": 3, "highway": null, "ref": null, "conectivid": 3, "conectiv_1": 0.28571428571428598, "jerarquia": 0.65, "jerarquia_": 0.5, "dist_servi": 167.98972822746902, "accesibili": 0.0059175194284820003, "accesibi_1": 0.039162233667429998, "peatonal": 15, "peatonal_n": 0.18292682926829301, "equipamien": 8, "equipami_1": 0.082474226804124001, "ICV": 0.19203985360873299 }, "geometry": { "type": "Point", "coordinates": [ 347984.922198006184772, 6290092.158710935153067 ] } },
{ "type": "Feature", "properties": { "osmid": 605169162, "y": -33.5129916, "x": -70.6455724, "street_cou": 4, "highway": null, "ref": null, "conectivid": 8, "conectiv_1": 1.0, "jerarquia": 0.3, "jerarquia_": 0.0, "dist_servi": 21.898522654514949, "accesibili": 0.043670939609845, "accesibi_1": 0.39210231512715799, "peatonal": 5, "peatonal_n": 0.060975609756097997, "equipamien": 8, "equipami_1": 0.082474226804124001, "ICV": 0.26428292216548699 }, "geometry": { "type": "Point", "coordinates": [ 347164.959668761584908, 6290628.426026731729507 ] } },
{ "type": "Feature", "properties": { "osmid": 605169371, "y": -33.5181743, "x": -70.6405934, "street_cou": 3, "highway": null, "ref": null, "conectivid": 4, "conectiv_1": 0.42857142857142899, "jerarquia": 0.7, "jerarquia_": 0.57142857142857095, "dist_servi": 62.374980836860523, "accesibili": 0.015779097473405002, "accesibi_1": 0.13135377927512201, "peatonal": 2, "peatonal_n": 0.024390243902439001, "equipamien": 6, "equipami_1": 0.061855670103093001, "ICV": 0.19783223435640701 }, "geometry": { "type": "Point", "coordinates": [ 347636.530404740187805, 6290061.05573551915586 ] } },
{ "type": "Feature", "properties": { "osmid": 605169379, "y": -33.5140756, "x": -70.6399175, "street_cou": 3, "highway": null, "ref": null, "conectivid": 4, "conectiv_1": 0.42857142857142899, "jerarquia": 0.3, "jerarquia_": 0.0, "dist_servi": 150.30811884329896, "accesibili": 0.0066090306828519999, "accesibi_1": 0.045626867527756999, "peatonal": 2, "peatonal_n": 0.024390243902439001, "equipamien": 11, "equipami_1": 0.11340206185567001, "ICV": 0.107859164230793 }, "geometry": { "type": "Point", "coordinates": [ 347692.123723589174915, 6290516.541696954518557 ] } },
{ "type": "Feature", "properties": { "osmid": 605169421, "y": -33.5134842, "x": -70.6420799, "street_cou": 4, "highway": null, "ref": null, "conectivid": 6, "conectiv_1": 0.71428571428571397, "jerarquia": 0.3, "jerarquia_": 0.0, "dist_servi": 151.26699024956272, "accesibili": 0.0065674116127269998, "accesibi_1": 0.045237789189169, "peatonal": 2, "peatonal_n": 0.024390243902439001, "equipamien": 7, "equipami_1": 0.072164948453608005, "ICV": 0.140329213069703 }, "geometry": { "type": "Point", "coordinates": [ 347490.230485373234842, 6290578.943216050043702 ] } },
{ "type": "Feature", "properties": { "osmid": 605169426, "y": -33.5132057, "x": -70.6397162, "street_cou": 3, "highway": null, "ref": null, "conectivid": 4, "conectiv_1": 0.42857142857142899, "jerarquia": 0.3, "jerarquia_": 0.0, "dist_servi": 93.353789603527517, "accesibili": 0.010598408439152, "accesibi_1": 0.082921801430915001, "peatonal": 2, "peatonal_n": 0.024390243902439001, "equipamien": 9, "equipami_1": 0.092783505154638998, "ICV": 0.110163511836167 }, "geometry": { "type": "Point", "coordinates": [ 347709.296914085862227, 6290613.297963870689273 ] } },
{ "type": "Feature", "properties": { "osmid": 917298874, "y": -33.5179458, "x": -70.6367127, "street_cou": 3, "highway": null, "ref": null, "conectivid": 3, "conectiv_1": 0.28571428571428598, "jerarquia": 0.3, "jerarquia_": 0.0, "dist_servi": 179.48570211104104, "accesibili": 0.0055406050911710001, "accesibi_1": 0.035638627692793003, "peatonal": 14, "peatonal_n": 0.17073170731707299, "equipamien": 8, "equipami_1": 0.082474226804124001, "ICV": 0.11328635192600101 }, "geometry": { "type": "Point", "coordinates": [ 347996.57351338409353, 6290092.087453643791378 ] } },
{ "type": "Feature", "properties": { "osmid": 1856659291, "y": -33.5109816, "x": -70.6666874, "street_cou": 4, "highway": null, "ref": null, "conectivid": 4, "conectiv_1": 0.42857142857142899, "jerarquia": 0.3, "jerarquia_": 0.0, "dist_servi": 199.78841310222782, "accesibili": 0.0049803670667530001, "accesibi_1": 0.030401209386718, "peatonal": 3, "peatonal_n": 0.036585365853658999, "equipamien": 7, "equipami_1": 0.072164948453608005, "ICV": 0.097553534739875006 }, "geometry": { "type": "Point", "coordinates": [ 345200.075022423872724, 6290820.000726589933038 ] } },
{ "type": "Feature", "properties": { "osmid": 1856659295, "y": -33.5116277, "x": -70.6573113, "street_cou": 3, "highway": null, "ref": null, "conectivid": 3, "conectiv_1": 0.28571428571428598, "jerarquia": 0.65, "jerarquia_": 0.5, "dist_servi": 49.236483450120289, "accesibili": 0.019905851909258001, "accesibi_1": 0.169932987192113, "peatonal": 6, "peatonal_n": 0.073170731707316999, "equipamien": 61, "equipami_1": 0.62886597938144295, "ICV": 0.32735291806775502 }, "geometry": { "type": "Point", "coordinates": [ 346072.156248065584805, 6290762.308219012804329 ] } },
{ "type": "Feature", "properties": { "osmid": 1869022150, "y": -33.5182534, "x": -70.6401971, "street_cou": 3, "highway": null, "ref": null, "conectivid": 4, "conectiv_1": 0.42857142857142899, "jerarquia": 0.7, "jerarquia_": 0.57142857142857095, "dist_servi": 96.942138224541551, "accesibili": 0.010210109949890999, "accesibi_1": 0.079291770038472001, "peatonal": 2, "peatonal_n": 0.024390243902439001, "equipamien": 6, "equipami_1": 0.061855670103093001, "ICV": 0.18741983250907701 }, "geometry": { "type": "Point", "coordinates": [ 347673.477808352559805, 6290052.866651745513082 ] } },
{ "type": "Feature", "properties": { "osmid": 2081581677, "y": -33.5110051, "x": -70.6525834, "street_cou": 3, "highway": null, "ref": null, "conectivid": 5, "conectiv_1": 0.57142857142857095, "jerarquia": 0.3, "jerarquia_": 0.0, "dist_servi": 195.58784593788153, "accesibili": 0.0050867844613139996, "accesibi_1": 0.031396058693735997, "peatonal": 5, "peatonal_n": 0.060975609756097997, "equipamien": 8, "equipami_1": 0.082474226804124001, "ICV": 0.12785595659308799 }, "geometry": { "type": "Point", "coordinates": [ 346510.222673166310415, 6290838.352131068706512 ] } },
{ "type": "Feature", "properties": { "osmid": 2081581688, "y": -33.511075, "x": -70.6522507, "street_cou": 4, "highway": null, "ref": null, "conectivid": 6, "conectiv_1": 0.71428571428571397, "jerarquia": 0.3, "jerarquia_": 0.0, "dist_servi": 210.99950447349326, "accesibili": 0.0047169921575220004, "accesibi_1": 0.027939033470681, "peatonal": 5, "peatonal_n": 0.060975609756097997, "equipamien": 9, "equipami_1": 0.092783505154638998, "ICV": 0.15117044256467799 }, "geometry": { "type": "Point", "coordinates": [ 346541.250221750524361, 6290831.093314422294497 ] } },
{ "type": "Feature", "properties": { "osmid": 3399166405, "y": -33.5128051, "x": -70.6465447, "street_cou": 3, "highway": null, "ref": null, "conectivid": 4, "conectiv_1": 0.42857142857142899, "jerarquia": 0.4, "jerarquia_": 0.14285714285714299, "dist_servi": 80.330680545846988, "accesibili": 0.012295482999632, "accesibi_1": 0.098787003331612999, "peatonal": 7, "peatonal_n": 0.085365853658536994, "equipamien": 9, "equipami_1": 0.092783505154638998, "ICV": 0.15000902608390199 }, "geometry": { "type": "Point", "coordinates": [ 347074.317826011567377, 6290647.673539655283093 ] } },
{ "type": "Feature", "properties": { "osmid": 3399166407, "y": -33.5132326, "x": -70.6444238, "street_cou": 3, "highway": null, "ref": null, "conectivid": 4, "conectiv_1": 0.42857142857142899, "jerarquia": 0.4, "jerarquia_": 0.14285714285714299, "dist_servi": 124.9221705089883, "accesibili": 0.0079414133028199996, "accesibi_1": 0.058082725253171, "peatonal": 2, "peatonal_n": 0.024390243902439001, "equipamien": 9, "equipami_1": 0.092783505154638998, "ICV": 0.126624268029189 }, "geometry": { "type": "Point", "coordinates": [ 347272.072763551142998, 6290603.393905071541667 ] } },
{ "type": "Feature", "properties": { "osmid": 3740926328, "y": -33.5146789, "x": -70.6581645, "street_cou": 4, "highway": null, "ref": null, "conectivid": 5, "conectiv_1": 0.57142857142857095, "jerarquia": 0.7, "jerarquia_": 0.57142857142857095, "dist_servi": 90.584331522584961, "accesibili": 0.010918898280689, "accesibi_1": 0.085917919669625004, "peatonal": 5, "peatonal_n": 0.060975609756097997, "equipamien": 23, "equipami_1": 0.23711340206185599, "ICV": 0.26313440831698498 }, "geometry": { "type": "Point", "coordinates": [ 345998.311795383458957, 6290422.701858706772327 ] } },
{ "type": "Feature", "properties": { "osmid": 3740926443, "y": -33.5136532, "x": -70.6578835, "street_cou": 4, "highway": null, "ref": null, "conectivid": 4, "conectiv_1": 0.42857142857142899, "jerarquia": 0.65, "jerarquia_": 0.5, "dist_servi": 58.694974627027349, "accesibili": 0.016751828880872999, "accesibi_1": 0.14044741636921301, "peatonal": 6, "peatonal_n": 0.073170731707316999, "equipamien": 42, "equipami_1": 0.43298969072165, "ICV": 0.29391530316679898 }, "geometry": { "type": "Point", "coordinates": [ 346022.594835366937332, 6290536.856363079510629 ] } },
{ "type": "Feature", "properties": { "osmid": 3742169932, "y": -33.517429, "x": -70.6442884, "street_cou": 3, "highway": null, "ref": null, "conectivid": 4, "conectiv_1": 0.42857142857142899, "jerarquia": 0.7, "jerarquia_": 0.57142857142857095, "dist_servi": 166.37089616888358, "accesibili": 0.0059747544100560001, "accesibi_1": 0.039697298277781998, "peatonal": 1, "peatonal_n": 0.01219512195122, "equipamien": 11, "equipami_1": 0.11340206185567001, "ICV": 0.189338755607279 }, "geometry": { "type": "Point", "coordinates": [ 347292.025200331932865, 6290138.265959760174155 ] } },
{ "type": "Feature", "properties": { "osmid": 3859161930, "y": -33.5112912, "x": -70.6378171, "street_cou": 3, "highway": null, "ref": null, "conectivid": 4, "conectiv_1": 0.42857142857142899, "jerarquia": 0.65, "jerarquia_": 0.5, "dist_servi": 118.80553809043019, "accesibili": 0.0083468595520620002, "accesibi_1": 0.061873063493988002, "peatonal": 6, "peatonal_n": 0.073170731707316999, "equipamien": 7, "equipami_1": 0.072164948453608005, "ICV": 0.18799424702474299 }, "geometry": { "type": "Point", "coordinates": [ 347882.345710495836101, 6290828.377719268202782 ] } },
{ "type": "Feature", "properties": { "osmid": 3859162273, "y": -33.5122942, "x": -70.6375844, "street_cou": 3, "highway": null, "ref": null, "conectivid": 4, "conectiv_1": 0.42857142857142899, "jerarquia": 0.65, "jerarquia_": 0.5, "dist_servi": 114.40609766299944, "accesibili": 0.0086650534092240009, "accesibi_1": 0.064847717586975995, "peatonal": 6, "peatonal_n": 0.073170731707316999, "equipamien": 9, "equipami_1": 0.092783505154638998, "ICV": 0.193743817018599 }, "geometry": { "type": "Point", "coordinates": [ 347905.716328962298576, 6290717.499202972277999 ] } },
{ "type": "Feature", "properties": { "osmid": 3871517377, "y": -33.5147099, "x": -70.658031, "street_cou": 4, "highway": null, "ref": null, "conectivid": 5, "conectiv_1": 0.57142857142857095, "jerarquia": 0.8, "jerarquia_": 0.71428571428571397, "dist_servi": 85.503803755215969, "accesibili": 0.011560185293467, "accesibi_1": 0.091913029236961, "peatonal": 5, "peatonal_n": 0.060975609756097997, "equipamien": 23, "equipami_1": 0.23711340206185599, "ICV": 0.28576200165902299 }, "geometry": { "type": "Point", "coordinates": [ 346010.766882832744159, 6290419.462540427222848 ] } },
{ "type": "Feature", "properties": { "osmid": 4399320120, "y": -33.5108027, "x": -70.6707819, "street_cou": 4, "highway": null, "ref": null, "conectivid": 2, "conectiv_1": 0.14285714285714299, "jerarquia": 0.7, "jerarquia_": 0.57142857142857095, "dist_servi": 577.56988036903465, "accesibili": 0.001728399686762, "accesibi_1": 0.0, "peatonal": 2, "peatonal_n": 0.024390243902439001, "equipamien": 0, "equipami_1": 0.0, "ICV": 0.113240418118467 }, "geometry": { "type": "Point", "coordinates": [ 344819.420943263859954, 6290833.721107861027122 ] } },
{ "type": "Feature", "properties": { "osmid": 4399320121, "y": -33.5109965, "x": -70.6703004, "street_cou": 4, "highway": null, "ref": null, "conectivid": 5, "conectiv_1": 0.57142857142857095, "jerarquia": 0.56666666666666698, "jerarquia_": 0.38095238095238099, "dist_servi": 530.70464079190504, "accesibili": 0.001880743411437, "accesibi_1": 0.001424194320364, "peatonal": 2, "peatonal_n": 0.024390243902439001, "equipamien": 0, "equipami_1": 0.0, "ICV": 0.14923954269682499 }, "geometry": { "type": "Point", "coordinates": [ 344864.493153033487033, 6290812.951229206286371 ] } },
{ "type": "Feature", "properties": { "osmid": 4399371094, "y": -33.5111297, "x": -70.6698545, "street_cou": 3, "highway": null, "ref": null, "conectivid": 6, "conectiv_1": 0.71428571428571397, "jerarquia": 0.56666666666666698, "jerarquia_": 0.38095238095238099, "dist_servi": 488.15382969473228, "accesibili": 0.0020443466641650002, "accesibi_1": 0.0029536490046669999, "peatonal": 3, "peatonal_n": 0.036585365853658999, "equipamien": 0, "equipami_1": 0.0, "ICV": 0.17402278555006201 }, "geometry": { "type": "Point", "coordinates": [ 344906.150157468859106, 6290798.847720151767135 ] } },
{ "type": "Feature", "properties": { "osmid": 4399371095, "y": -33.5114817, "x": -70.6669026, "street_cou": 4, "highway": null, "ref": null, "conectivid": 6, "conectiv_1": 0.71428571428571397, "jerarquia": 0.3, "jerarquia_": 0.0, "dist_servi": 212.52955527104049, "accesibili": 0.0046831924448619998, "accesibi_1": 0.027623054857820999, "peatonal": 2, "peatonal_n": 0.024390243902439001, "equipamien": 6, "equipami_1": 0.061855670103093001, "ICV": 0.13422894661580401 }, "geometry": { "type": "Point", "coordinates": [ 345180.976269316277467, 6290764.22464544698596 ] } },
{ "type": "Feature", "properties": { "osmid": 4399371096, "y": -33.5117966, "x": -70.6658894, "street_cou": 3, "highway": null, "ref": null, "conectivid": 4, "conectiv_1": 0.42857142857142899, "jerarquia": 0.3, "jerarquia_": 0.0, "dist_servi": 124.04320558962969, "accesibili": 0.0079972357976959996, "accesibi_1": 0.058604585148094003, "peatonal": 2, "peatonal_n": 0.024390243902439001, "equipamien": 7, "equipami_1": 0.072164948453608005, "ICV": 0.100145429404345 }, "geometry": { "type": "Point", "coordinates": [ 345275.651660175877623, 6290730.817789729684591 ] } },
{ "type": "Feature", "properties": { "osmid": 4401785037, "y": -33.5136776, "x": -70.6524571, "street_cou": 1, "highway": null, "ref": null, "conectivid": 2, "conectiv_1": 0.14285714285714299, "jerarquia": 0.3, "jerarquia_": 0.0, "dist_servi": 35.549496499469022, "accesibili": 0.027360158026104, "accesibi_1": 0.239620008804103, "peatonal": 0, "peatonal_n": 0.0, "equipamien": 2, "equipami_1": 0.020618556701031, "ICV": 0.074507212364649994 }, "geometry": { "type": "Point", "coordinates": [ 346526.674725246615708, 6290542.192452042363584 ] } },
{ "type": "Feature", "properties": { "osmid": 4401810623, "y": -33.5111757, "x": -70.6459152, "street_cou": 3, "highway": null, "ref": null, "conectivid": 4, "conectiv_1": 0.42857142857142899, "jerarquia": 0.5, "jerarquia_": 0.28571428571428598, "dist_servi": 215.05175184226928, "accesibili": 0.0046285206737410002, "accesibi_1": 0.027111952571988, "peatonal": 8, "peatonal_n": 0.097560975609756004, "equipamien": 8, "equipami_1": 0.082474226804124001, "ICV": 0.15757404826072499 }, "geometry": { "type": "Point", "coordinates": [ 347129.923622929723933, 6290829.281049096956849 ] } },
{ "type": "Feature", "properties": { "osmid": 4401810624, "y": -33.511139, "x": -70.6425401, "street_cou": 3, "highway": null, "ref": null, "conectivid": 6, "conectiv_1": 0.71428571428571397, "jerarquia": 0.3, "jerarquia_": 0.0, "dist_servi": 120.99654278395772, "accesibili": 0.0081969535954049995, "accesibi_1": 0.060471658792125002, "peatonal": 2, "peatonal_n": 0.024390243902439001, "equipamien": 3, "equipami_1": 0.030927835051546001, "ICV": 0.13306670863977901 }, "geometry": { "type": "Point", "coordinates": [ 347443.367126156808808, 6290838.319112317636609 ] } },
{ "type": "Feature", "properties": { "osmid": 4441361024, "y": -33.5136867, "x": -70.6577553, "street_cou": 3, "highway": null, "ref": null, "conectivid": 3, "conectiv_1": 0.28571428571428598, "jerarquia": 0.65, "jerarquia_": 0.5, "dist_servi": 49.136040552091977, "accesibili": 0.019945731433678001, "accesibi_1": 0.170305803284788, "peatonal": 6, "peatonal_n": 0.073170731707316999, "equipamien": 43, "equipami_1": 0.44329896907216498, "ICV": 0.28103572870897098 }, "geometry": { "type": "Point", "coordinates": [ 346034.562191581644583, 6290533.331923374906182 ] } },
{ "type": "Feature", "properties": { "osmid": 4441373633, "y": -33.512943, "x": -70.6575415, "street_cou": 4, "highway": null, "ref": null, "conectivid": 6, "conectiv_1": 0.71428571428571397, "jerarquia": 0.53333333333333299, "jerarquia_": 0.33333333333333298, "dist_servi": 28.056460079350604, "accesibili": 0.034415754612539998, "accesibi_1": 0.30557967078972398, "peatonal": 7, "peatonal_n": 0.085365853658536994, "equipamien": 47, "equipami_1": 0.48453608247422703, "ICV": 0.36073427533399299 }, "geometry": { "type": "Point", "coordinates": [ 346053.103619557456113, 6290616.116288118064404 ] } },
{ "type": "Feature", "properties": { "osmid": 4441373634, "y": -33.5129118, "x": -70.6576745, "street_cou": 3, "highway": null, "ref": null, "conectivid": 4, "conectiv_1": 0.42857142857142899, "jerarquia": 0.65, "jerarquia_": 0.5, "dist_servi": 15.474514268927315, "accesibili": 0.060699816921832003, "accesibi_1": 0.55129778183688005, "peatonal": 7, "peatonal_n": 0.085365853658536994, "equipamien": 46, "equipami_1": 0.47422680412371099, "ICV": 0.38944343509865198 }, "geometry": { "type": "Point", "coordinates": [ 346040.694388840929605, 6290619.378588519990444 ] } },
{ "type": "Feature", "properties": { "osmid": 4441373638, "y": -33.5107088, "x": -70.6569061, "street_cou": 3, "highway": null, "ref": null, "conectivid": 3, "conectiv_1": 0.28571428571428598, "jerarquia": 0.65, "jerarquia_": 0.5, "dist_servi": 26.132977711276101, "accesibili": 0.036855519900583, "accesibi_1": 0.32838796088285299, "peatonal": 11, "peatonal_n": 0.134146341463415, "equipamien": 63, "equipami_1": 0.64948453608247403, "ICV": 0.37944245442018598 }, "geometry": { "type": "Point", "coordinates": [ 346108.167270391713828, 6290864.803890426643193 ] } },
{ "type": "Feature", "properties": { "osmid": 4482228326, "y": -33.511454, "x": -70.6669958, "street_cou": 1, "highway": null, "ref": null, "conectivid": 2, "conectiv_1": 0.14285714285714299, "jerarquia": 0.3, "jerarquia_": 0.0, "dist_servi": 221.17982038150933, "accesibili": 0.0045008588011409998, "accesibi_1": 0.025918498005527001, "peatonal": 2, "peatonal_n": 0.024390243902439001, "equipamien": 6, "equipami_1": 0.061855670103093001, "ICV": 0.048173749531060003 }, "geometry": { "type": "Point", "coordinates": [ 345172.269700150936842, 6290767.157135999761522 ] } },
{ "type": "Feature", "properties": { "osmid": 4482522407, "y": -33.5128209, "x": -70.638088, "street_cou": 1, "highway": null, "ref": null, "conectivid": 2, "conectiv_1": 0.14285714285714299, "jerarquia": 0.3, "jerarquia_": 0.0, "dist_servi": 40.163721014100283, "accesibili": 0.024293236261548001, "accesibi_1": 0.21094870929765, "peatonal": 6, "peatonal_n": 0.073170731707316999, "equipamien": 10, "equipami_1": 0.10309278350515499, "ICV": 0.107684192091219 }, "geometry": { "type": "Point", "coordinates": [ 347859.860519749112427, 6290658.356498840264976 ] } },
{ "type": "Feature", "properties": { "osmid": 4482646945, "y": -33.5162513, "x": -70.6502223, "street_cou": 3, "highway": null, "ref": null, "conectivid": 5, "conectiv_1": 0.57142857142857095, "jerarquia": 0.7, "jerarquia_": 0.57142857142857095, "dist_servi": 226.0506930233922, "accesibili": 0.0044043027866780002, "accesibi_1": 0.025015838393593001, "peatonal": 2, "peatonal_n": 0.024390243902439001, "equipamien": 1, "equipami_1": 0.010309278350515001, "ICV": 0.18510661967052899 }, "geometry": { "type": "Point", "coordinates": [ 346738.796080565196462, 6290260.105824870988727 ] } },
{ "type": "Feature", "properties": { "osmid": 4482646947, "y": -33.5166506, "x": -70.6476523, "street_cou": 3, "highway": null, "ref": null, "conectivid": 3, "conectiv_1": 0.28571428571428598, "jerarquia": 0.4, "jerarquia_": 0.14285714285714299, "dist_servi": 105.16731355413553, "accesibili": 0.0094190948845110003, "accesibi_1": 0.071896918915843003, "peatonal": 2, "peatonal_n": 0.024390243902439001, "equipamien": 6, "equipami_1": 0.061855670103093001, "ICV": 0.100226576570266 }, "geometry": { "type": "Point", "coordinates": [ 346978.209029851830564, 6290219.622950294055045 ] } },
{ "type": "Feature", "properties": { "osmid": 4482683219, "y": -33.5113163, "x": -70.6379936, "street_cou": 1, "highway": null, "ref": null, "conectivid": 2, "conectiv_1": 0.14285714285714299, "jerarquia": 0.3, "jerarquia_": 0.0, "dist_servi": 111.9062074565197, "accesibili": 0.0088569089559150001, "accesibi_1": 0.066641290512349002, "peatonal": 6, "peatonal_n": 0.073170731707316999, "equipamien": 8, "equipami_1": 0.082474226804124001, "ICV": 0.073668069158901006 }, "geometry": { "type": "Point", "coordinates": [ 347865.994877048942726, 6290825.335627000778913 ] } },
{ "type": "Feature", "properties": { "osmid": 4482683220, "y": -33.5123244, "x": -70.6377612, "street_cou": 1, "highway": null, "ref": null, "conectivid": 2, "conectiv_1": 0.14285714285714299, "jerarquia": 0.3, "jerarquia_": 0.0, "dist_servi": 103.0192077052137, "accesibili": 0.0096136090829869996, "accesibi_1": 0.073715346404681997, "peatonal": 6, "peatonal_n": 0.073170731707316999, "equipamien": 9, "equipami_1": 0.092783505154638998, "ICV": 0.077660199924996995 }, "geometry": { "type": "Point", "coordinates": [ 347889.346741898800246, 6290713.891179427504539 ] } },
{ "type": "Feature", "properties": { "osmid": 4777323350, "y": -33.5146361, "x": -70.6380667, "street_cou": 1, "highway": null, "ref": null, "conectivid": 2, "conectiv_1": 0.14285714285714299, "jerarquia": 0.3, "jerarquia_": 0.0, "dist_servi": 53.498883865214886, "accesibili": 0.018348999632233999, "accesibi_1": 0.15537866160163499, "peatonal": 7, "peatonal_n": 0.085365853658536994, "equipamien": 12, "equipami_1": 0.123711340206186, "ICV": 0.104773602215079 }, "geometry": { "type": "Point", "coordinates": [ 347865.017200262635015, 6290457.105481158941984 ] } },
{ "type": "Feature", "properties": { "osmid": 4777323351, "y": -33.5149594, "x": -70.6381577, "street_cou": 3, "highway": null, "ref": null, "conectivid": 4, "conectiv_1": 0.42857142857142899, "jerarquia": 0.3, "jerarquia_": 0.0, "dist_servi": 76.548525246868451, "accesibili": 0.012895151736498, "accesibi_1": 0.10439304198510101, "peatonal": 4, "peatonal_n": 0.048780487804878002, "equipamien": 13, "equipami_1": 0.134020618556701, "ICV": 0.13086459927312899 }, "geometry": { "type": "Point", "coordinates": [ 347857.130801709601656, 6290421.122206835076213 ] } },
{ "type": "Feature", "properties": { "osmid": 4777323352, "y": -33.5145578, "x": -70.6384435, "street_cou": 1, "highway": null, "ref": null, "conectivid": 2, "conectiv_1": 0.14285714285714299, "jerarquia": 0.3, "jerarquia_": 0.0, "dist_servi": 83.353570354728902, "accesibili": 0.011854862761525999, "accesibi_1": 0.094667838975557, "peatonal": 7, "peatonal_n": 0.085365853658536994, "equipamien": 12, "equipami_1": 0.123711340206186, "ICV": 0.092631437689862997 }, "geometry": { "type": "Point", "coordinates": [ 347829.881125871441327, 6290465.235241282731295 ] } },
{ "type": "Feature", "properties": { "osmid": 4777323353, "y": -33.5148844, "x": -70.6385339, "street_cou": 3, "highway": null, "ref": null, "conectivid": 4, "conectiv_1": 0.42857142857142899, "jerarquia": 0.3, "jerarquia_": 0.0, "dist_servi": 104.87307411382272, "accesibili": 0.0094452721654699999, "accesibi_1": 0.072141638775122002, "peatonal": 2, "peatonal_n": 0.024390243902439001, "equipamien": 14, "equipami_1": 0.14432989690721601, "ICV": 0.120894077243153 }, "geometry": { "type": "Point", "coordinates": [ 347822.056358600093517, 6290428.886886889114976 ] } },
{ "type": "Feature", "properties": { "osmid": 4777323371, "y": -33.5138993, "x": -70.6417037, "street_cou": 1, "highway": null, "ref": null, "conectivid": 2, "conectiv_1": 0.14285714285714299, "jerarquia": 0.3, "jerarquia_": 0.0, "dist_servi": 152.3128892360495, "accesibili": 0.0065226087968400003, "accesibi_1": 0.044818947415022001, "peatonal": 1, "peatonal_n": 0.01219512195122, "equipamien": 6, "equipami_1": 0.061855670103093001, "ICV": 0.048905058925154003 }, "geometry": { "type": "Point", "coordinates": [ 347525.902593260630965, 6290533.466987557709217 ] } },
{ "type": "Feature", "properties": { "osmid": 4777323372, "y": -33.5138064, "x": -70.6421744, "street_cou": 4, "highway": null, "ref": null, "conectivid": 6, "conectiv_1": 0.71428571428571397, "jerarquia": 0.3, "jerarquia_": 0.0, "dist_servi": 177.61251267794853, "accesibili": 0.0055987118987739998, "accesibi_1": 0.036181842620350999, "peatonal": 1, "peatonal_n": 0.01219512195122, "equipamien": 7, "equipami_1": 0.072164948453608005, "ICV": 0.135469243268134 }, "geometry": { "type": "Point", "coordinates": [ 347482.018308242200874, 6290543.076424380764365 ] } },
{ "type": "Feature", "properties": { "osmid": 4777323373, "y": -33.5136264, "x": -70.6413926, "street_cou": 1, "highway": null, "ref": null, "conectivid": 2, "conectiv_1": 0.14285714285714299, "jerarquia": 0.3, "jerarquia_": 0.0, "dist_servi": 110.53821241244223, "accesibili": 0.0089655372662980001, "accesibi_1": 0.067656808696697004, "peatonal": 2, "peatonal_n": 0.024390243902439001, "equipamien": 7, "equipami_1": 0.072164948453608005, "ICV": 0.059098731256922998 }, "geometry": { "type": "Point", "coordinates": [ 347554.320493500446901, 6290564.185339672490954 ] } },
{ "type": "Feature", "properties": { "osmid": 4777323374, "y": -33.5141876, "x": -70.6393662, "street_cou": 1, "highway": null, "ref": null, "conectivid": 2, "conectiv_1": 0.14285714285714299, "jerarquia": 0.3, "jerarquia_": 0.0, "dist_servi": 153.41417489796549, "accesibili": 0.0064760893917980003, "accesibi_1": 0.044384058005639, "peatonal": 3, "peatonal_n": 0.036585365853658999, "equipamien": 11, "equipami_1": 0.11340206185567001, "ICV": 0.067802239957030996 }, "geometry": { "type": "Point", "coordinates": [ 347743.52764613321051, 6290504.93167963065207 ] } },
{ "type": "Feature", "properties": { "osmid": 4944444867, "y": -33.5135542, "x": -70.6545845, "street_cou": 3, "highway": null, "ref": null, "conectivid": 6, "conectiv_1": 0.71428571428571397, "jerarquia": 0.3, "jerarquia_": 0.0, "dist_servi": 23.240436403158679, "accesibili": 0.041253382710126997, "accesibi_1": 0.36950164146577302, "peatonal": 1, "peatonal_n": 0.01219512195122, "equipamien": 30, "equipami_1": 0.30927835051546398, "ICV": 0.26141155355268297 }, "geometry": { "type": "Point", "coordinates": [ 346328.850851210008841, 6290552.726372608914971 ] } },
{ "type": "Feature", "properties": { "osmid": 5233819688, "y": -33.5106278, "x": -70.6523344, "street_cou": 3, "highway": null, "ref": null, "conectivid": 3, "conectiv_1": 0.28571428571428598, "jerarquia": 0.3, "jerarquia_": 0.0, "dist_servi": 161.75597095846084, "accesibili": 0.0061441678244490002, "accesibi_1": 0.041281069602055999, "peatonal": 5, "peatonal_n": 0.060975609756097997, "equipamien": 8, "equipami_1": 0.082474226804124001, "ICV": 0.086975815917609001 }, "geometry": { "type": "Point", "coordinates": [ 346532.685675167187583, 6290880.558322135359049 ] } },
{ "type": "Feature", "properties": { "osmid": 6001729384, "y": -33.5118457, "x": -70.6651886, "street_cou": 1, "highway": null, "ref": null, "conectivid": 2, "conectiv_1": 0.14285714285714299, "jerarquia": 0.3, "jerarquia_": 0.0, "dist_servi": 68.134578324608071, "accesibili": 0.014464541828904999, "accesibi_1": 0.11906457808422501, "peatonal": 0, "peatonal_n": 0.0, "equipamien": 7, "equipami_1": 0.072164948453608005, "ICV": 0.063282724158818998 }, "geometry": { "type": "Point", "coordinates": [ 345340.835109735140577, 6290726.418250639922917 ] } },
{ "type": "Feature", "properties": { "osmid": 6001729385, "y": -33.5119983, "x": -70.664683, "street_cou": 3, "highway": null, "ref": null, "conectivid": 6, "conectiv_1": 0.71428571428571397, "jerarquia": 0.43333333333333302, "jerarquia_": 0.19047619047619099, "dist_servi": 59.717506481438846, "accesibili": 0.016469714551036001, "accesibi_1": 0.137810053871324, "peatonal": 0, "peatonal_n": 0.0, "equipamien": 6, "equipami_1": 0.061855670103093001, "ICV": 0.17874021401432399 }, "geometry": { "type": "Point", "coordinates": [ 345388.070875471108593, 6290710.25048185326159 ] } },
{ "type": "Feature", "properties": { "osmid": 6001729386, "y": -33.5107807, "x": -70.6658463, "street_cou": 1, "highway": null, "ref": null, "conectivid": 2, "conectiv_1": 0.14285714285714299, "jerarquia": 0.3, "jerarquia_": 0.0, "dist_servi": 137.14227086940312, "accesibili": 0.0072389138654409997, "accesibi_1": 0.051515367714097003, "peatonal": 3, "peatonal_n": 0.036585365853658999, "equipamien": 7, "equipami_1": 0.072164948453608005, "ICV": 0.058919223548208 }, "geometry": { "type": "Point", "coordinates": [ 345277.846349622006528, 6290843.53285351768136 ] } },
{ "type": "Feature", "properties": { "osmid": 6001729387, "y": -33.5108795, "x": -70.6654888, "street_cou": 3, "highway": null, "ref": null, "conectivid": 4, "conectiv_1": 0.42857142857142899, "jerarquia": 0.3, "jerarquia_": 0.0, "dist_servi": 103.80299398408636, "accesibili": 0.0095417121399399996, "accesibi_1": 0.073043213580316999, "peatonal": 1, "peatonal_n": 0.01219512195122, "equipamien": 7, "equipami_1": 0.072164948453608005, "ICV": 0.099984374602984996 }, "geometry": { "type": "Point", "coordinates": [ 345311.230147717928048, 6290833.110296963714063 ] } },
{ "type": "Feature", "properties": { "osmid": 6001729388, "y": -33.5105608, "x": -70.6660894, "street_cou": 1, "highway": null, "ref": null, "conectivid": 2, "conectiv_1": 0.14285714285714299, "jerarquia": 0.3, "jerarquia_": 0.0, "dist_servi": 169.61572486306002, "accesibili": 0.0058611244702250001, "accesibi_1": 0.038635022064725001, "peatonal": 3, "peatonal_n": 0.036585365853658999, "equipamien": 7, "equipami_1": 0.072164948453608005, "ICV": 0.056343154418333 }, "geometry": { "type": "Point", "coordinates": [ 345254.873379366355948, 6290867.554447308182716 ] } },
{ "type": "Feature", "properties": { "osmid": 6001729389, "y": -33.5104492, "x": -70.6664544, "street_cou": 3, "highway": null, "ref": null, "conectivid": 4, "conectiv_1": 0.42857142857142899, "jerarquia": 0.3, "jerarquia_": 0.0, "dist_servi": 204.54350691373165, "accesibili": 0.004865150035704, "accesibi_1": 0.029324096157535999, "peatonal": 3, "peatonal_n": 0.036585365853658999, "equipamien": 7, "equipami_1": 0.072164948453608005, "ICV": 0.097338112094038004 }, "geometry": { "type": "Point", "coordinates": [ 345220.76992295414675, 6290879.384986853227019 ] } },
{ "type": "Feature", "properties": { "osmid": 6001729391, "y": -33.5105718, "x": -70.6644057, "street_cou": 3, "highway": null, "ref": null, "conectivid": 4, "conectiv_1": 0.42857142857142899, "jerarquia": 0.3, "jerarquia_": 0.0, "dist_servi": 83.411924695149793, "accesibili": 0.011846667441969, "accesibi_1": 0.094591224545980998, "peatonal": 1, "peatonal_n": 0.01219512195122, "equipamien": 7, "equipami_1": 0.072164948453608005, "ICV": 0.104293976796117 }, "geometry": { "type": "Point", "coordinates": [ 345411.291051935346331, 6290868.844960075803101 ] } },
{ "type": "Feature", "properties": { "osmid": 6001729393, "y": -33.5114337, "x": -70.6651986, "street_cou": 3, "highway": null, "ref": null, "conectivid": 4, "conectiv_1": 0.42857142857142899, "jerarquia": 0.3, "jerarquia_": 0.0, "dist_servi": 54.313050547342918, "accesibili": 0.018078916098544999, "accesibi_1": 0.15285376971308001, "peatonal": 1, "peatonal_n": 0.01219512195122, "equipamien": 7, "equipami_1": 0.072164948453608005, "ICV": 0.115946485829537 }, "geometry": { "type": "Point", "coordinates": [ 345339.172947742976248, 6290772.089056307449937 ] } },
{ "type": "Feature", "properties": { "osmid": 6001729394, "y": -33.510831, "x": -70.6648458, "street_cou": 1, "highway": null, "ref": null, "conectivid": 2, "conectiv_1": 0.14285714285714299, "jerarquia": 0.3, "jerarquia_": 0.0, "dist_servi": 73.280395849512999, "accesibili": 0.013462502300418001, "accesibi_1": 0.109696952287377, "peatonal": 1, "peatonal_n": 0.01219512195122, "equipamien": 7, "equipami_1": 0.072164948453608005, "ICV": 0.064457979487254 }, "geometry": { "type": "Point", "coordinates": [ 345370.871595912787598, 6290839.446972765028477 ] } },
{ "type": "Feature", "properties": { "osmid": 6001729395, "y": -33.5104831, "x": -70.6646941, "street_cou": 3, "highway": null, "ref": null, "conectivid": 4, "conectiv_1": 0.42857142857142899, "jerarquia": 0.3, "jerarquia_": 0.0, "dist_servi": 108.90435033868596, "accesibili": 0.0090988209012509997, "accesibi_1": 0.068902818641001007, "peatonal": 1, "peatonal_n": 0.01219512195122, "equipamien": 7, "equipami_1": 0.072164948453608005, "ICV": 0.099156295615121001 }, "geometry": { "type": "Point", "coordinates": [ 345384.343901761749294, 6290878.250889059156179 ] } },
{ "type": "Feature", "properties": { "osmid": 7439787992, "y": -33.5110337, "x": -70.6698105, "street_cou": 1, "highway": null, "ref": null, "conectivid": 2, "conectiv_1": 0.14285714285714299, "jerarquia": 0.3, "jerarquia_": 0.0, "dist_servi": 485.00706387501413, "accesibili": 0.0020575832623230001, "accesibi_1": 0.0030773921254139999, "peatonal": 3, "peatonal_n": 0.036585365853658999, "equipamien": 0, "equipami_1": 0.0, "ICV": 0.031190391317069001 }, "geometry": { "type": "Point", "coordinates": [ 344910.065941264445428, 6290809.558726370334625 ] } },
{ "type": "Feature", "properties": { "osmid": 8838903641, "y": -33.5109422, "x": -70.6595196, "street_cou": 3, "highway": null, "ref": null, "conectivid": 4, "conectiv_1": 0.42857142857142899, "jerarquia": 0.3, "jerarquia_": 0.0, "dist_servi": 87.275636800970858, "accesibili": 0.011328153907907999, "accesibi_1": 0.089743870105762999, "peatonal": 0, "peatonal_n": 0.0, "equipamien": 32, "equipami_1": 0.32989690721649501, "ICV": 0.164708715110991 }, "geometry": { "type": "Point", "coordinates": [ 345865.81521306920331, 6290835.042668383568525 ] } },
{ "type": "Feature", "properties": { "osmid": 8838903652, "y": -33.5119377, "x": -70.6598842, "street_cou": 3, "highway": null, "ref": null, "conectivid": 4, "conectiv_1": 0.42857142857142899, "jerarquia": 0.3, "jerarquia_": 0.0, "dist_servi": 92.381254525141756, "accesibili": 0.010708787380135001, "accesibi_1": 0.083953685488962995, "peatonal": 0, "peatonal_n": 0.0, "equipamien": 26, "equipami_1": 0.268041237113402, "ICV": 0.148086760661857 }, "geometry": { "type": "Point", "coordinates": [ 345833.714004687150009, 6290724.112342053093016 ] } },
{ "type": "Feature", "properties": { "osmid": 9039163537, "y": -33.5151618, "x": -70.6557738, "street_cou": 3, "highway": null, "ref": null, "conectivid": 4, "conectiv_1": 0.42857142857142899, "jerarquia": 0.7, "jerarquia_": 0.57142857142857095, "dist_servi": 193.62576444175522, "accesibili": 0.005138065881813, "accesibi_1": 0.031875466086268997, "peatonal": 1, "peatonal_n": 0.01219512195122, "equipamien": 6, "equipami_1": 0.061855670103093001, "ICV": 0.17488779123083201 }, "geometry": { "type": "Point", "coordinates": [ 346221.226574822561815, 6290372.701128089800477 ] } },
{ "type": "Feature", "properties": { "osmid": 9085304125, "y": -33.512469, "x": -70.6396154, "street_cou": 3, "highway": null, "ref": null, "conectivid": 6, "conectiv_1": 0.71428571428571397, "jerarquia": 0.43333333333333302, "jerarquia_": 0.19047619047619099, "dist_servi": 103.9296335734243, "accesibili": 0.0095301962462330005, "accesibi_1": 0.072935556566896001, "peatonal": 3, "peatonal_n": 0.036585365853658999, "equipamien": 10, "equipami_1": 0.10309278350515499, "ICV": 0.185220934367368 }, "geometry": { "type": "Point", "coordinates": [ 347717.368783591431566, 6290695.136482307687402 ] } },
{ "type": "Feature", "properties": { "osmid": 9085304137, "y": -33.5116573, "x": -70.642414, "street_cou": 3, "highway": null, "ref": null, "conectivid": 4, "conectiv_1": 0.42857142857142899, "jerarquia": 0.3, "jerarquia_": 0.0, "dist_servi": 85.115291804205143, "accesibili": 0.011612339446907999, "accesibi_1": 0.092400595425022006, "peatonal": 2, "peatonal_n": 0.024390243902439001, "equipamien": 3, "equipami_1": 0.030927835051546001, "ICV": 0.096595353109214993 }, "geometry": { "type": "Point", "coordinates": [ 347455.990200149361044, 6290781.031735812313855 ] } },
{ "type": "Feature", "properties": { "osmid": 9089896657, "y": -33.5113706, "x": -70.6651718, "street_cou": 1, "highway": null, "ref": null, "conectivid": 2, "conectiv_1": 0.14285714285714299, "jerarquia": 0.3, "jerarquia_": 0.0, "dist_servi": 52.72906079907596, "accesibili": 0.018611901736744998, "accesibi_1": 0.157836417474779, "peatonal": 1, "peatonal_n": 0.01219512195122, "equipamien": 7, "equipami_1": 0.072164948453608005, "ICV": 0.074085872524734003 }, "geometry": { "type": "Point", "coordinates": [ 345341.550058840133715, 6290779.126023099757731 ] } },
{ "type": "Feature", "properties": { "osmid": 9089896658, "y": -33.5106376, "x": -70.6644351, "street_cou": 1, "highway": null, "ref": null, "conectivid": 2, "conectiv_1": 0.14285714285714299, "jerarquia": 0.3, "jerarquia_": 0.0, "dist_servi": 82.453500398552322, "accesibili": 0.011982720859212001, "accesibi_1": 0.09586312796384, "peatonal": 1, "peatonal_n": 0.01219512195122, "equipamien": 7, "equipami_1": 0.072164948453608005, "ICV": 0.061691214622546002 }, "geometry": { "type": "Point", "coordinates": [ 345408.677154835080728, 6290861.504742946475744 ] } },
{ "type": "Feature", "properties": { "osmid": 9287279870, "y": -33.5171029, "x": -70.6454661, "street_cou": 4, "highway": null, "ref": null, "conectivid": 4, "conectiv_1": 0.42857142857142899, "jerarquia": 0.6, "jerarquia_": 0.42857142857142899, "dist_servi": 51.527420731018047, "accesibili": 0.019037675676495999, "accesibi_1": 0.161816790332587, "peatonal": 1, "peatonal_n": 0.01219512195122, "equipamien": 12, "equipami_1": 0.123711340206186, "ICV": 0.19491140217729699 }, "geometry": { "type": "Point", "coordinates": [ 347182.064697410387453, 6290172.691767778247595 ] } },
{ "type": "Feature", "properties": { "osmid": 9287279876, "y": -33.5168836, "x": -70.6470399, "street_cou": 3, "highway": null, "ref": null, "conectivid": 4, "conectiv_1": 0.42857142857142899, "jerarquia": 0.7, "jerarquia_": 0.57142857142857095, "dist_servi": 46.840560431101729, "accesibili": 0.020902765163885999, "accesibi_1": 0.17925268971459199, "peatonal": 2, "peatonal_n": 0.024390243902439001, "equipamien": 7, "equipami_1": 0.072164948453608005, "ICV": 0.20998933603193001 }, "geometry": { "type": "Point", "coordinates": [ 347035.500611764960922, 6290194.689502007327974 ] } },
{ "type": "Feature", "properties": { "osmid": 10692508495, "y": -33.5124835, "x": -70.6390515, "street_cou": 1, "highway": null, "ref": null, "conectivid": 2, "conectiv_1": 0.14285714285714299, "jerarquia": 0.3, "jerarquia_": 0.0, "dist_servi": 102.52755773384449, "accesibili": 0.0096592638896290002, "accesibi_1": 0.074142153064784999, "peatonal": 6, "peatonal_n": 0.073170731707316999, "equipamien": 10, "equipami_1": 0.10309278350515499, "ICV": 0.080322880844646005 }, "geometry": { "type": "Point", "coordinates": [ 347769.773172869114205, 6290694.356282733380795 ] } },
{ "type": "Feature", "properties": { "osmid": 11079603486, "y": -33.5134031, "x": -70.6545392, "street_cou": 1, "highway": null, "ref": null, "conectivid": 2, "conectiv_1": 0.14285714285714299, "jerarquia": 0.3, "jerarquia_": 0.0, "dist_servi": 39.496803088775657, "accesibili": 0.024693307217555999, "accesibi_1": 0.214688796291746, "peatonal": 0, "peatonal_n": 0.0, "equipamien": 30, "equipami_1": 0.30927835051546398, "ICV": 0.141685918315787 }, "geometry": { "type": "Point", "coordinates": [ 346332.791374173015356, 6290569.548574924468994 ] } },
{ "type": "Feature", "properties": { "osmid": 11881048841, "y": -33.5137551, "x": -70.6414049, "street_cou": 1, "highway": null, "ref": null, "conectivid": 2, "conectiv_1": 0.14285714285714299, "jerarquia": 0.3, "jerarquia_": 0.0, "dist_servi": 122.52489796028451, "accesibili": 0.0080955339086499992, "accesibi_1": 0.059523530852109, "peatonal": 2, "peatonal_n": 0.024390243902439001, "equipamien": 8, "equipami_1": 0.082474226804124001, "ICV": 0.060049395275634 }, "geometry": { "type": "Point", "coordinates": [ 347553.403795518970583, 6290549.896084742620587 ] } },
{ "type": "Feature", "properties": { "osmid": 11881048842, "y": -33.5138436, "x": -70.6410728, "street_cou": 3, "highway": null, "ref": null, "conectivid": 6, "conectiv_1": 0.71428571428571397, "jerarquia": 0.3, "jerarquia_": 0.0, "dist_servi": 116.53786008738204, "accesibili": 0.0085078969385400001, "accesibi_1": 0.063378531025902005, "peatonal": 2, "peatonal_n": 0.024390243902439001, "equipamien": 8, "equipami_1": 0.082474226804124001, "ICV": 0.14653468102467801 }, "geometry": { "type": "Point", "coordinates": [ 347584.406365137081593, 6290540.570586444810033 ] } },
{ "type": "Feature", "properties": { "osmid": 11881092514, "y": -33.5134113, "x": -70.6423819, "street_cou": 1, "highway": null, "ref": null, "conectivid": 2, "conectiv_1": 0.14285714285714299, "jerarquia": 0.3, "jerarquia_": 0.0, "dist_servi": 173.66648139335172, "accesibili": 0.0057251969125550004, "accesibi_1": 0.037364295252525999, "peatonal": 2, "peatonal_n": 0.024390243902439001, "equipamien": 7, "equipami_1": 0.072164948453608005, "ICV": 0.053040228568088002 }, "geometry": { "type": "Point", "coordinates": [ 347462.050944537855685, 6290586.582841034978628 ] } },
{ "type": "Feature", "properties": { "osmid": 11881092516, "y": -33.5137282, "x": -70.6425446, "street_cou": 1, "highway": null, "ref": null, "conectivid": 2, "conectiv_1": 0.14285714285714299, "jerarquia": 0.3, "jerarquia_": 0.0, "dist_servi": 202.08085077630528, "accesibili": 0.0049241471865879996, "accesibi_1": 0.029875634511913, "peatonal": 1, "peatonal_n": 0.01219512195122, "equipamien": 9, "equipami_1": 0.092783505154638998, "ICV": 0.053648355107418999 }, "geometry": { "type": "Point", "coordinates": [ 347447.494751429185271, 6290551.203427841886878 ] } },
{ "type": "Feature", "properties": { "osmid": 11963534459, "y": -33.5105118, "x": -70.6378372, "street_cou": 2, "highway": null, "ref": null, "conectivid": 4, "conectiv_1": 0.42857142857142899, "jerarquia": 0.3, "jerarquia_": 0.0, "dist_servi": 71.413701313710064, "accesibili": 0.013809541314120001, "accesibi_1": 0.11294126703230099, "peatonal": 3, "peatonal_n": 0.036585365853658999, "equipamien": 5, "equipami_1": 0.051546391752576998, "ICV": 0.108906907093733 }, "geometry": { "type": "Point", "coordinates": [ 347879.114315216313116, 6290914.773607730865479 ] } },
{ "type": "Feature", "properties": { "osmid": 11963534464, "y": -33.5145646, "x": -70.6370788, "street_cou": 2, "highway": null, "ref": null, "conectivid": 4, "conectiv_1": 0.42857142857142899, "jerarquia": 0.3, "jerarquia_": 0.0, "dist_servi": 49.087499971279264, "accesibili": 0.019965061154447999, "accesibi_1": 0.170486508322649, "peatonal": 7, "peatonal_n": 0.085365853658536994, "equipamien": 12, "equipami_1": 0.123711340206186, "ICV": 0.15065231441642499 }, "geometry": { "type": "Point", "coordinates": [ 347956.65284402645193, 6290466.482384564355016 ] } },
{ "type": "Feature", "properties": { "osmid": 11963534465, "y": -33.5152668, "x": -70.636999, "street_cou": 2, "highway": null, "ref": null, "conectivid": 4, "conectiv_1": 0.42857142857142899, "jerarquia": 0.3, "jerarquia_": 0.0, "dist_servi": 64.624343741218482, "accesibili": 0.015238247622611001, "accesibi_1": 0.12629761245686, "peatonal": 7, "peatonal_n": 0.085365853658536994, "equipamien": 12, "equipami_1": 0.123711340206186, "ICV": 0.14181453524326701 }, "geometry": { "type": "Point", "coordinates": [ 347965.293749339238275, 6290388.734434116631746 ] } },
{ "type": "Feature", "properties": { "osmid": 11967614207, "y": -33.5124087, "x": -70.6374137, "street_cou": 3, "highway": null, "ref": null, "conectivid": 4, "conectiv_1": 0.42857142857142899, "jerarquia": 0.3, "jerarquia_": 0.0, "dist_servi": 114.7005882357402, "accesibili": 0.0086429984086379991, "accesibi_1": 0.064641535109576001, "peatonal": 6, "peatonal_n": 0.073170731707316999, "equipamien": 8, "equipami_1": 0.082474226804124001, "ICV": 0.11612526093549 }, "geometry": { "type": "Point", "coordinates": [ 347921.772556781885214, 6290705.052898090332747 ] } },
{ "type": "Feature", "properties": { "osmid": 11967716093, "y": -33.5127008, "x": -70.6391438, "street_cou": 1, "highway": null, "ref": null, "conectivid": 2, "conectiv_1": 0.14285714285714299, "jerarquia": 0.3, "jerarquia_": 0.0, "dist_servi": 94.115690462759801, "accesibili": 0.010513512493415001, "accesibi_1": 0.082128146661092, "peatonal": 6, "peatonal_n": 0.073170731707316999, "equipamien": 10, "equipami_1": 0.10309278350515499, "ICV": 0.081920079563907997 }, "geometry": { "type": "Point", "coordinates": [ 347761.580408260808326, 6290670.125062009319663 ] } },
{ "type": "Feature", "properties": { "osmid": 11967716094, "y": -33.5129185, "x": -70.6385822, "street_cou": 1, "highway": null, "ref": null, "conectivid": 2, "conectiv_1": 0.14285714285714299, "jerarquia": 0.3, "jerarquia_": 0.0, "dist_servi": 37.635119203822491, "accesibili": 0.025883186608651, "accesibi_1": 0.22581245415381099, "peatonal": 6, "peatonal_n": 0.073170731707316999, "equipamien": 11, "equipami_1": 0.11340206185567001, "ICV": 0.11323426065007999 }, "geometry": { "type": "Point", "coordinates": [ 347814.126888283295557, 6290646.808995617553592 ] } },
{ "type": "Feature", "properties": { "osmid": 11967716095, "y": -33.5136345, "x": -70.6390781, "street_cou": 1, "highway": null, "ref": null, "conectivid": 2, "conectiv_1": 0.14285714285714299, "jerarquia": 0.3, "jerarquia_": 0.0, "dist_servi": 91.834792804655777, "accesibili": 0.010771823470369001, "accesibi_1": 0.084542982106730002, "peatonal": 6, "peatonal_n": 0.073170731707316999, "equipamien": 10, "equipami_1": 0.10309278350515499, "ICV": 0.082403046653034995 }, "geometry": { "type": "Point", "coordinates": [ 347769.318850210867822, 6290566.686186710372567 ] } },
{ "type": "Feature", "properties": { "osmid": 11967716096, "y": -33.5132174, "x": -70.6396549, "street_cou": 1, "highway": null, "ref": null, "conectivid": 2, "conectiv_1": 0.14285714285714299, "jerarquia": 0.3, "jerarquia_": 0.0, "dist_servi": 99.085223464980871, "accesibili": 0.0099914849103560008, "accesibi_1": 0.077247940925987996, "peatonal": 2, "peatonal_n": 0.024390243902439001, "equipamien": 9, "equipami_1": 0.092783505154638998, "ICV": 0.066171596878039002 }, "geometry": { "type": "Point", "coordinates": [ 347715.011344999773428, 6290612.090577842667699 ] } },
{ "type": "Feature", "properties": { "osmid": 12117988282, "y": -33.5118757, "x": -70.6598552, "street_cou": 1, "highway": null, "ref": null, "conectivid": 2, "conectiv_1": 0.14285714285714299, "jerarquia": 0.3, "jerarquia_": 0.0, "dist_servi": 88.072742071336208, "accesibili": 0.011226779110484, "accesibi_1": 0.088796161816315999, "peatonal": 0, "peatonal_n": 0.0, "equipamien": 28, "equipami_1": 0.28865979381443302, "ICV": 0.111352752245443 }, "geometry": { "type": "Point", "coordinates": [ 345836.29776110930834, 6290731.030467806383967 ] } },
{ "type": "Feature", "properties": { "osmid": 12117988283, "y": -33.5110004, "x": -70.659544, "street_cou": 1, "highway": null, "ref": null, "conectivid": 2, "conectiv_1": 0.14285714285714299, "jerarquia": 0.3, "jerarquia_": 0.0, "dist_servi": 83.012595744359785, "accesibili": 0.011902977061235999, "accesibi_1": 0.095117638352078995, "peatonal": 0, "peatonal_n": 0.0, "equipamien": 33, "equipami_1": 0.34020618556700999, "ICV": 0.12550364549074 }, "geometry": { "type": "Point", "coordinates": [ 345863.651951898704283, 6290828.552760757505894 ] } },
{ "type": "Feature", "properties": { "osmid": 12488687937, "y": -33.5154499, "x": -70.6449906, "street_cou": 4, "highway": null, "ref": null, "conectivid": 4, "conectiv_1": 0.42857142857142899, "jerarquia": 0.5, "jerarquia_": 0.28571428571428598, "dist_servi": 35.356047016195426, "accesibili": 0.027505740642115001, "accesibi_1": 0.24098099650024199, "peatonal": 1, "peatonal_n": 0.01219512195122, "equipamien": 16, "equipami_1": 0.164948453608247, "ICV": 0.199624950332772 }, "geometry": { "type": "Point", "coordinates": [ 347223.323522929800674, 6290356.688930954784155 ] } },
{ "type": "Feature", "properties": { "osmid": 12488687938, "y": -33.5152187, "x": -70.646128, "street_cou": 3, "highway": null, "ref": null, "conectivid": 3, "conectiv_1": 0.28571428571428598, "jerarquia": 0.5, "jerarquia_": 0.28571428571428598, "dist_servi": 94.262192382032566, "accesibili": 0.010497343961912001, "accesibi_1": 0.081976994188060995, "peatonal": 1, "peatonal_n": 0.01219512195122, "equipamien": 13, "equipami_1": 0.134020618556701, "ICV": 0.138663619678878 }, "geometry": { "type": "Point", "coordinates": [ 347117.270516732474789, 6290380.650237511843443 ] } },
{ "type": "Feature", "properties": { "osmid": 12488687939, "y": -33.5150043, "x": -70.6471822, "street_cou": 3, "highway": null, "ref": null, "conectivid": 3, "conectiv_1": 0.28571428571428598, "jerarquia": 0.5, "jerarquia_": 0.28571428571428598, "dist_servi": 100.78579250036722, "accesibili": 0.009824553854079, "accesibi_1": 0.075687376073384993, "peatonal": 1, "peatonal_n": 0.01219512195122, "equipamien": 11, "equipami_1": 0.11340206185567001, "ICV": 0.132251056880685 }, "geometry": { "type": "Point", "coordinates": [ 347018.974493638786953, 6290402.870197972282767 ] } },
{ "type": "Feature", "properties": { "osmid": 12498212769, "y": -33.5156658, "x": -70.6439293, "street_cou": 3, "highway": null, "ref": null, "conectivid": 4, "conectiv_1": 0.42857142857142899, "jerarquia": 0.4, "jerarquia_": 0.14285714285714299, "dist_servi": 97.025553607732249, "accesibili": 0.010201421600755999, "accesibi_1": 0.079210546492718997, "peatonal": 3, "peatonal_n": 0.036585365853658999, "equipamien": 12, "equipami_1": 0.123711340206186, "ICV": 0.14163057152779099 }, "geometry": { "type": "Point", "coordinates": [ 347322.280612888222095, 6290334.311038872227073 ] } },
{ "type": "Feature", "properties": { "osmid": 12498212776, "y": -33.5170595, "x": -70.6368154, "street_cou": 4, "highway": null, "ref": null, "conectivid": 5, "conectiv_1": 0.57142857142857095, "jerarquia": 0.3, "jerarquia_": 0.0, "dist_servi": 128.653561112668, "accesibili": 0.0077128618097189999, "accesibi_1": 0.055946098102437003, "peatonal": 15, "peatonal_n": 0.18292682926829301, "equipamien": 8, "equipami_1": 0.082474226804124001, "ICV": 0.163253769352877 }, "geometry": { "type": "Point", "coordinates": [ 347985.483850870456081, 6290190.216204386204481 ] } },
{ "type": "Feature", "properties": { "osmid": 12498212777, "y": -33.5170424, "x": -70.6369614, "street_cou": 4, "highway": null, "ref": null, "conectivid": 4, "conectiv_1": 0.42857142857142899, "jerarquia": 0.75, "jerarquia_": 0.64285714285714302, "dist_servi": 115.55286517309847, "accesibili": 0.008579797661043, "accesibi_1": 0.064050699182727003, "peatonal": 15, "peatonal_n": 0.18292682926829301, "equipamien": 9, "equipami_1": 0.092783505154638998, "ICV": 0.24245200915656401 }, "geometry": { "type": "Point", "coordinates": [ 347971.893147926020902, 6290191.898388303816319 ] } },
{ "type": "Feature", "properties": { "osmid": 12498212779, "y": -33.5167793, "x": -70.6383625, "street_cou": 4, "highway": null, "ref": null, "conectivid": 4, "conectiv_1": 0.42857142857142899, "jerarquia": 0.4, "jerarquia_": 0.14285714285714299, "dist_servi": 33.687818365400425, "accesibili": 0.028828564237335999, "accesibi_1": 0.25334749111745902, "peatonal": 12, "peatonal_n": 0.146341463414634, "equipamien": 11, "equipami_1": 0.11340206185567001, "ICV": 0.201319665255354 }, "geometry": { "type": "Point", "coordinates": [ 347841.295272410498001, 6290219.018295714631677 ] } },
{ "type": "Feature", "properties": { "osmid": 12498212780, "y": -33.5163506, "x": -70.6405613, "street_cou": 4, "highway": null, "ref": null, "conectivid": 4, "conectiv_1": 0.42857142857142899, "jerarquia": 0.4, "jerarquia_": 0.14285714285714299, "dist_servi": 166.22924505732325, "accesibili": 0.0059798153107560002, "accesibi_1": 0.039744610407305002, "peatonal": 3, "peatonal_n": 0.036585365853658999, "equipamien": 12, "equipami_1": 0.123711340206186, "ICV": 0.133737384310708 }, "geometry": { "type": "Point", "coordinates": [ 347636.313638095743954, 6290263.327892413362861 ] } },
{ "type": "Feature", "properties": { "osmid": 12498212781, "y": -33.5158993, "x": -70.6427806, "street_cou": 4, "highway": null, "ref": null, "conectivid": 4, "conectiv_1": 0.42857142857142899, "jerarquia": 0.4, "jerarquia_": 0.14285714285714299, "dist_servi": 15.261417537657247, "accesibili": 0.061495253884493999, "accesibi_1": 0.55873397132777602, "peatonal": 3, "peatonal_n": 0.036585365853658999, "equipamien": 10, "equipami_1": 0.10309278350515499, "ICV": 0.23238061731954399 }, "geometry": { "type": "Point", "coordinates": [ 347429.38611161231529, 6290310.109092429280281 ] } }
]
}
